Country Code,Country Name,SL.UEM.TOTL.ZS,SP.POP.TOTL,NE.CON.PRVT.ZS,IT.NET.USER.ZS,SE.XPD.TOTL.GD.ZS,SP.URB.TOTL.IN.ZS,SH.XPD.CHEX.PC.CD,SI.POV.GINI,NY.GDP.PCAP.CD,SE.ADT.LITR.ZS,FP.CPI.TOTL.ZG,Avg Years Schooling,Region,IncomeGroup,v2x_partipdem,v2x_rule,v2x_jucon,v2xlg_legcon,v2x_corr,v2mecenefi,v2xeg_eqaccess,v2xeg_eqdr,v2xeg_eqprotec,v2clsocgrp,v2dlconslt,v2dlengage,v2eldonate,v2elpubfin,v2elrstrct,v2psplats
AFG,Afghanistan,11.21180000305176,35764094.2,,13.431999999999999,3.8476766666666666,25.264400000000002,66.68103256399999,,520.2122885050742,33.7538414001465,2.3253311920601853,3.85,South Asia,Low income,0.1372,0.1538,0.219,0.618,0.9004,0.11620000000000001,0.4486,0.2842,0.512,-0.40659999999999996,1.1092,1.3446,0.6834,-0.9405999999999999,1.0,0.0782
AGO,Angola,7.105800056457518,30249698.8,54.45013443760625,26.46,,64.825,92.588410948,51.3,2437.512473789024,66.2358627319336,21.32095185023355,,Sub-Saharan Africa,Lower middle income,0.08,0.23120000000000002,0.21739999999999998,0.1478,0.7352000000000001,0.7554000000000001,0.41419999999999996,0.18460000000000001,0.08180000000000001,0.144,-0.47840000000000005,-0.9347999999999999,-0.5801999999999999,0.8208,1.0,-0.025200000000000007
ALB,Albania,14.14420013427736,2870165.6,78.25686875784939,62.58,3.670593333333333,59.3572,308.08902588,31.96,4686.761750860935,98.8162307739258,1.7267280049196079,9.93,Europe & Central Asia,Upper middle income,0.3182,0.5484,0.7108,0.826,0.7448,1.3972,0.6477999999999999,0.7444,0.664,1.834,-0.148,0.6302,0.6444,0.925,1.0,1.0168
ARE,United Arab Emirates,2.11720004081726,9091208.6,40.26410727582524,94.72,,86.23960000000001,1720.534228516,26.4,43428.66038839012,98.0,1.7583664791089142,9.07,Middle East & North Africa,High income,0.030199999999999998,0.7083999999999999,0.2048,0.133,0.11600000000000002,-1.6898,0.2178,0.8720000000000001,0.348,-0.679,0.236,-0.40099999999999997,0.458,-1.249,1.0,-2.645
ARG,Argentina,8.616600036621094,44258913.2,66.79301414480558,74.17999999999999,5.59461,91.748,1295.307727052,42.175,12524.172884364856,,,9.51,Latin America & Caribbean,Upper middle income,0.5152,0.6312,0.7253999999999999,0.7984,0.4391999999999999,1.672,0.8597999999999999,0.7295999999999999,0.7392,1.2756,0.7964,1.8565999999999998,1.5278,2.4596,1.0,1.128
ARM,Armenia,17.61380004882814,2981560.0,79.49796981012545,64.56,2.757206666666667,63.12760000000001,419.38969116400006,32.58,3939.8213014409703,100.0,1.4522634660294855,10.73,Europe & Central Asia,Upper middle income,0.31379999999999997,0.43979999999999997,0.40800000000000003,0.48340000000000005,0.6292,1.8565999999999998,0.6128,0.8634000000000001,0.7752,1.9692,0.2874,1.4806000000000001,1.6144000000000003,-0.4284,0.0,1.0726
AUS,Australia,5.584200000762938,24579514.8,55.604032810691635,88.24,5.237433333333333,85.9082,5571.6464843779995,34.0,54539.581205013965,,1.6512347786876842,11.54,East Asia & Pacific,High income,0.6108,0.9896,0.9847999999999999,0.962,0.033600000000000005,1.309,0.8368,0.8654,0.9374,1.3986,2.2236000000000002,2.5236,2.655,1.335,1.0,2.86
AUT,Austria,5.351599979400632,8779474.8,52.4650735895121,86.28,5.43299,58.1052,4972.445800781999,30.4,47444.10794200814,,1.4797399315186783,9.6,Europe & Central Asia,High income,0.6418,0.962,0.907,0.9414,0.0538,1.8611999999999997,0.8022,0.9378,0.9490000000000001,2.5058,2.0372,2.1302,1.3698000000000001,2.594,1.0,2.5704000000000002
AZE,Azerbaijan,5.073799991607666,9845048.0,56.92645944903768,79.02000000000001,2.696085,55.3578,190.452996826,,4614.787009258166,100.0,6.85721954926602,,Europe & Central Asia,Upper middle income,0.0628,0.0338,0.0126,0.0654,0.9391999999999999,-0.3896,0.2156,0.2264,0.679,1.3936,-0.783,-1.7823999999999998,-1.0068000000000001,-0.9096,1.0,-1.4878
BDI,Burundi,1.488400006294252,11581715.0,76.90002802144565,3.3920000000000003,5.2258025,12.714,19.27227783,,237.6166792425512,66.84386825561525,4.730688716432926,3.35,Sub-Saharan Africa,Low income,0.1462,0.0516,0.06659999999999999,0.1646,0.931,0.057800000000000004,0.49879999999999997,0.19419999999999998,0.3366,0.6115999999999999,-1.0936,-1.076,-0.1722,-0.563,1.0,-1.3796
BEL,Belgium,6.987000083923339,11379362.0,51.542341696515095,87.64,6.44113,97.9596,4795.723925782,27.419999999999998,44197.50221786474,,1.630247445592819,10.69,Europe & Central Asia,High income,0.6482,0.9783999999999999,0.9292,0.9164,0.031,2.049,0.9234,0.951,0.961,2.859,2.3956,1.7058,3.35,3.63,1.0,2.983
BEN,Benin,2.439200019836426,12041681.0,71.98335758434544,16.8,3.13541,46.773,29.066653444000004,42.75,1070.0978337811339,38.871208190918,0.22415214447760193,4.43,Sub-Saharan Africa,Lower middle income,0.41340000000000005,0.701,0.6692,0.7718,0.397,1.6198000000000001,0.834,0.6208,0.8278000000000001,2.0108,0.7646,1.8204,1.2862,-0.1828,1.0,-0.5842
BFA,Burkina Faso,6.267199993133544,19881398.0,66.55186965705882,7.85,4.885783333333333,28.749000000000002,38.95440445,43.0,709.0554695557773,34.5,0.27428661752691974,,Sub-Saharan Africa,Low income,0.3694,0.7101999999999999,0.6918,0.609,0.4082,0.866,0.7051999999999999,0.2818,0.8064,2.3899999999999997,1.7120000000000002,1.7792000000000001,1.0586,0.7228,1.0,-0.522
BGD,Bangladesh,4.314200019836425,162163483.2,68.1361458572905,21.7,1.43093,35.8572,41.46453476000001,32.4,1755.9590397629702,72.0,5.709098781624646,5.91,South Asia,Lower middle income,0.11299999999999999,0.12279999999999999,0.1956,0.11520000000000001,0.8938,-1.32,0.3992,0.1618,0.173,0.6396,-0.2186,0.2656,-0.9427999999999999,-2.511,1.0,0.5716
BGR,Bulgaria,6.486599922180176,7076511.6,60.366503919870055,62.52,4.0925,74.6686,619.223291016,40.239999999999995,8461.28374258757,,1.415317446637083,11.24,Europe & Central Asia,High income,0.46180000000000004,0.6826,0.8464,0.8379999999999999,0.5336000000000001,1.999,0.8064,0.741,0.73,0.93,2.0172,1.7082000000000002,1.8044,1.3123999999999998,1.0,2.5172
BHR,Bahrain,0.8227999925613408,1456402.2,40.75067922252312,97.14,2.4979449999999996,89.19120000000001,1075.275439454,,25180.59528425644,,1.823125726605084,7.06,Middle East & North Africa,High income,0.0332,0.1758,0.071,0.0568,0.5538000000000001,-0.6986000000000001,0.08259999999999999,0.763,0.2678,-1.802,-0.908,-1.365,-0.2544,-0.513,0.0,-1.6301999999999999
BIH,Bosnia and Herzegovina,22.090800094604482,3430551.8,75.56708829343644,63.56,,47.8876,485.78170166,,5421.213281000988,,0.03398011638796981,,Europe & Central Asia,Upper middle income,0.3148,0.4404,0.6172,0.3972,0.704,1.9274,0.679,0.7034,0.6048,0.694,0.8135999999999999,1.1856,0.9189999999999999,1.8102,1.0,1.4928000000000001
BLR,Belarus,5.351800060272218,9449597.4,53.87198271028118,73.92,4.84302,78.123,347.98307495200004,25.36,5998.03991386277,100.0,8.374673187601301,,Europe & Central Asia,Upper middle income,0.0968,0.2738,0.0372,0.053000000000000005,0.3346,-0.2434,0.8337999999999999,0.8848,0.764,1.4628,-0.9562000000000002,-0.8475999999999999,1.9940000000000002,-0.8,1.0,1.4128
BOL,Bolivia,3.458599996566774,11343813.2,68.0877243237222,42.56,,69.0818,218.165820316,44.14,3268.562364038006,92.0,2.923437541292268,8.25,Latin America & Caribbean,Lower middle income,0.4356,0.3894,0.37279999999999996,0.3874,0.6622,0.9395999999999999,0.8109999999999999,0.3802,0.6838,1.2570000000000001,0.7682,1.4576,-0.1492,0.1058,1.0,1.2728
BRA,Brazil,11.453199958801275,204631962.2,64.49414111516683,66.2,6.292549999999999,86.3028,861.911962892,53.2,9236.697468500486,92.75,5.722648878743642,7.89,Latin America & Caribbean,Upper middle income,0.5147999999999999,0.7212,0.8746,0.8295999999999999,0.5318,1.2402,0.6355999999999999,0.4822,0.539,0.5096,1.4518,1.5734,2.8716,2.0094000000000003,1.0,1.6312000000000002
BRB,Barbados,10.109400177001955,280135.4,,72.62,4.658885,31.1812,1171.04968262,,19670.500294609163,,2.520685318864372,9.45,Latin America & Caribbean,High income,0.3378,0.9096,0.9232000000000001,0.7272000000000001,0.1,1.815,0.7848,0.9526,0.7283999999999999,1.009,1.9796,1.5268000000000002,0.5714,-0.8892,1.0,2.415
BTN,Bhutan,2.373799991607666,753480.4,48.6068651645068,55.660000000000004,7.1650025,40.156,103.132458496,37.4,3303.744392213558,67.0,3.6347017500711942,,South Asia,Lower middle income,0.366,0.9152000000000001,0.9012,0.8301999999999999,0.1052,-0.7055999999999999,0.794,0.9349999999999999,0.7932,1.2782,1.72,1.3376,2.6492,1.3006,1.0,1.7280000000000002
BWA,Botswana,17.691400146484362,2267204.0,43.291690340127296,48.62,,68.6812,424.176953128,53.3,6915.05537355094,,3.039230079043514,9.55,Sub-Saharan Africa,Upper middle income,0.4192,0.8728,0.8333999999999999,0.8497999999999999,0.1424,1.4902,0.5936,0.7076,0.7112,0.8725999999999999,1.9846,1.0894,-0.9038,-2.505,0.0,1.4824
CAF,Central African Republic,3.7534000396728517,4791970.8,87.83752221469445,4.522,,41.0018,31.090238569999997,,418.05910270573503,39.7213954925537,2.965331334745886,3.76,Sub-Saharan Africa,Low income,0.16319999999999998,0.23479999999999998,0.4032,0.7183999999999999,0.7714000000000001,1.4166,0.7112,0.16720000000000002,0.3184,0.22400000000000003,0.6906,0.043199999999999995,-0.9650000000000001,-0.9623999999999999,0.0,-0.0364
CAN,Canada,6.328000068664553,36610298.2,57.98220018489794,92.08,,81.3604,4875.0798828120005,32.78,44785.98586088916,,1.6736759466160702,12.32,North America,High income,0.5776,0.9818,0.9314,0.8904,0.021400000000000002,1.8632000000000002,0.8592000000000001,0.8817999999999999,0.7706000000000001,1.2032,2.1928,1.8077999999999999,2.776,1.3878,1.0,2.28
CHE,Switzerland,4.7619999885559094,8439436.6,52.79394605346782,90.24,5.11183,73.7728,9439.376757814,33.019999999999996,83510.63985076363,,0.05089642946248181,13.02,Europe & Central Asia,High income,0.8046000000000001,0.9948,0.9869999999999999,0.9349999999999999,0.0212,2.184,0.8960000000000001,0.9650000000000001,0.9559999999999998,2.465,3.499,3.5159999999999996,-2.125,-2.05,1.0,2.68
CHL,Chile,6.9053999900817855,18592929.8,61.94847346747978,82.47999999999999,5.21226,87.4958,1284.683251952,45.3,14423.77571127626,96.5,3.06202402607013,9.78,Latin America & Caribbean,High income,0.5814,0.9474,0.9426,0.9788,0.07139999999999999,2.0128,0.7343999999999999,0.6072,0.8221999999999999,1.298,1.9692,1.9994,2.0168,1.4422000000000001,1.0,2.6104
CHN,China,4.44020004272461,1394874000.0,38.55213489424536,56.220000000000006,,57.931200000000004,454.86280517800003,38.58,8995.429594840973,,2.0008372390456737,7.95,East Asia & Pacific,Upper middle income,0.038,0.259,0.0856,0.1308,0.47640000000000005,-1.9964,0.2966,0.4042,0.328,-1.6911999999999998,0.5264,0.404,-1.8923999999999999,-1.4058,1.0,-1.6002000000000003
CIV,Ivory Coast,3.10019998550415,26725260.2,66.26822551969428,39.44,3.6314975,50.333800000000004,63.65050811799999,39.35,1982.8496761178117,70.0198402404785,0.3826209324142774,4.65,Sub-Saharan Africa,Lower middle income,0.3494,0.5534,0.5244,0.438,0.524,1.6216000000000002,0.7074,0.3614,0.672,1.2212,1.7872,1.621,0.7308,0.5317999999999999,1.0,-0.1226
CMR,Cameroon,3.425800037384034,24131730.8,71.90600502104266,25.660000000000004,2.9270750000000003,55.775200000000005,57.64930114599999,,1503.74656161237,72.5471267700195,1.542499020225265,6.15,Sub-Saharan Africa,Lower middle income,0.1244,0.0844,0.13679999999999998,0.20600000000000002,0.944,-1.0798,0.3938,0.3752,0.6981999999999999,1.1326,-0.8455999999999999,0.9712,-0.25220000000000004,0.6508,0.0,0.5666
COD,Democratic Republic of the Congo,4.292999935150147,87014086.0,77.33770130594648,10.144,1.9146933333333334,43.8866,18.505863952,,486.42195369146555,75.27651596069336,1.815025033840675,3.66,Sub-Saharan Africa,Low income,0.21000000000000002,0.079,0.21400000000000002,0.24159999999999998,0.9578,-1.5398,0.5831999999999999,0.177,0.546,1.0606,0.24219999999999997,-0.3614,-0.07139999999999999,-1.2038,1.0,-0.56
COG,Republic of the Congo,9.734999847412109,5354181.4,38.58880595186912,8.13,4.512523333333333,66.45840000000001,53.926805116000004,,2385.390215507358,,2.0337151219204093,5.94,Sub-Saharan Africa,Lower middle income,0.166,0.1518,0.1538,0.30979999999999996,0.8291999999999999,-1.845,0.33840000000000003,0.3136,0.153,-0.5058,-0.154,0.42800000000000005,-0.2676,-0.69,1.0,-0.093
COL,Colombia,8.936199951171876,48294196.0,68.56679517430914,61.08,4.48515,80.44,487.96854858200004,50.6,6395.480670857528,94.75,4.716238663688464,8.95,Latin America & Caribbean,Upper middle income,0.47640000000000005,0.7564,0.8283999999999999,0.8286,0.3922,1.5386,0.6285999999999999,0.38380000000000003,0.58,0.181,1.215,1.5455999999999999,1.672,1.9074000000000002,1.0,1.315
COM,Comoros,4.391199970245362,756652.0,92.7980816846361,10.07,2.54506,28.800400000000003,70.567128754,,1435.750901304094,,,,Sub-Saharan Africa,Lower middle income,0.2576,0.2642,0.32,0.308,0.7426,1.0612,0.7343999999999999,0.4098,0.698,1.4696,0.5054000000000001,0.48919999999999997,-1.2854,-1.8820000000000001,0.0,0.7944
CPV,Cape Verde,12.13479995727538,513072.0,66.02856334919127,54.32000000000001,5.245816666666666,65.2544,178.532061768,42.4,3918.574150389292,87.0,0.3742898578149078,,Sub-Saharan Africa,Lower middle income,0.47640000000000005,0.8513999999999999,0.9176,0.9056000000000001,0.2048,2.192,0.8309999999999998,0.7178,0.8305999999999999,2.214,0.9949999999999999,0.9865999999999999,1.454,1.7858,1.0,1.118
CRI,Costa Rica,9.444999885559076,4911116.8,64.66596173123932,70.4,7.104653999999999,78.5146,897.9238281219999,48.32,12319.553281835859,,1.3455142105940001,7.97,Latin America & Caribbean,Upper middle income,0.666,0.9410000000000001,0.954,0.9565999999999999,0.19119999999999998,2.221,0.8936,0.9148,0.921,2.388,2.2922000000000002,2.0911999999999997,3.021,2.233,1.0,2.3162
CUB,Cuba,1.887600040435792,11243694.0,55.63640595191796,53.620000000000005,,76.9898,995.0237426740001,,8518.56204520154,97.6549072265625,,10.16,Latin America & Caribbean,Upper middle income,0.056400000000000006,0.1452,0.10900000000000001,0.08,0.5724,-2.4234,0.806,0.8412,0.7294,1.3544,-0.312,-1.2988,-1.8969999999999998,0.612,1.0,-1.421
CYP,Cyprus,10.91079998016357,1253659.4,65.23130882246154,79.76,6.095783333333333,66.85560000000001,1826.564794924,32.44,26840.482421875,,-0.26170713378944,11.07,Europe & Central Asia,High income,0.5706,0.897,0.861,0.7974,0.14579999999999999,2.03,0.8416,0.9362,0.8952,2.0544000000000002,2.2122,1.5508,1.7962,2.291,1.0,2.289
CZE,Czechia,3.212600016593934,10601725.4,46.69697066915196,78.5,5.07675,73.687,1551.340844728,25.3,21073.48341071252,,1.6881547302315016,12.8,Europe & Central Asia,High income,0.5604,0.8638,0.8720000000000001,0.8572,0.21739999999999998,1.7399999999999998,0.835,0.9591999999999998,0.9443999999999999,1.6158000000000001,1.6762000000000001,1.4991999999999999,2.4335999999999998,1.9258,1.0,2.1916
DEU,Germany,3.7838000774383516,82538205.2,51.39009262350004,86.26,4.860106666666667,77.27459999999999,5087.139843752,31.619999999999997,45379.474348732896,,1.1386993126437719,12.37,Europe & Central Asia,High income,0.6406000000000001,0.9924,0.9321999999999999,0.9800000000000001,0.0124,1.315,0.946,0.9474,0.96,3.5,3.66,2.751,2.739,3.345,1.0,3.4769999999999994
DJI,Djibouti,10.40559997558592,1054679.6,62.75296106145546,45.0,3.7227325,77.65700000000001,69.95114745999999,41.6,2612.153424521418,,1.1852718094831476,,Middle East & North Africa,Lower middle income,0.135,0.30619999999999997,0.24020000000000002,0.126,0.6888,-1.8684,0.4908,0.304,0.549,0.635,-0.3218,0.27,-0.377,-1.38,0.0,0.5616
DNK,Denmark,5.5960000991821275,5756906.2,46.95629379714626,97.14,7.81608,87.7586,5856.355957032,28.2,57169.10474606608,,0.6841814726469754,11.3,Europe & Central Asia,High income,0.7093999999999999,0.9984,0.9865999999999999,0.9810000000000001,0.002,2.114,0.9666,0.983,0.978,2.069,2.974,2.69,1.832,3.2079999999999997,1.0,3.286
DOM,Dominican Republic,6.460799884796144,10665839.6,69.39123126184697,68.03999999999999,,80.23620000000001,332.184509278,43.74,7518.7301661136835,93.0,2.2211014793053834,7.78,Latin America & Caribbean,Upper middle income,0.3472,0.32199999999999995,0.4018,0.1312,0.776,2.042,0.6306,0.2476,0.41719999999999996,-0.8188000000000001,0.7742,1.532,-1.0694,1.9132000000000002,1.0,0.4888
DZA,Algeria,11.3980001449585,41671826.0,41.51100788904176,46.72,,72.03540000000001,269.36861267,,4542.075113557066,81.4078369140625,4.599003226888572,6.68,Middle East & North Africa,Upper middle income,0.10840000000000001,0.25179999999999997,0.14200000000000002,0.3184,0.6548,-0.32700000000000007,0.5864,0.7642,0.7061999999999999,1.0576,0.6086,0.5926,0.6174000000000001,1.228,1.0,0.723
ECU,Ecuador,3.90939998626709,16784090.2,63.44485522711487,55.1,4.9987,63.681799999999996,472.10198364199994,45.36,6127.219272258132,93.66666666666667,1.2308311447852676,7.6,Latin America & Caribbean,Upper middle income,0.3982,0.4266,0.3318,0.4368,0.6606,-0.6946000000000001,0.7647999999999999,0.5997999999999999,0.5916,0.7538,0.47619999999999996,1.3922,1.1658000000000002,1.4156,1.0,1.3862
EGY,Egypt,11.90960006713868,103634648.0,83.07710399943188,45.64,,42.7312,135.91763610799998,31.733333333333334,2884.081156098226,71.0,15.448994065268028,7.15,Middle East & North Africa,Lower middle income,0.061,0.35459999999999997,0.6146,0.20375,0.7352000000000001,-1.1036000000000001,0.38039999999999996,0.20579999999999998,0.188,0.5446,-0.35259999999999997,-0.4024,0.8722,-1.418,1.0,-0.4944
ERI,Eritrea,5.212799930572508,3162709.0,,4.252,,39.455200000000005,27.088407898000003,,,76.5705184936523,,,Sub-Saharan Africa,Low income,0.009,0.0548,0.0134,0.049,0.697,-2.4428,0.409,0.7186,0.5778000000000001,-0.7138,-1.3694000000000002,-1.5884,-2.367,-2.337,1.0,-1.6911999999999998
ESP,Spain,17.62600002288818,46690944.2,57.66969814545894,84.14,4.24065,80.08160000000001,2541.45288086,35.14,28289.3580772504,98.0,0.7255225972813151,10.27,Europe & Central Asia,High income,0.6058,0.9736,0.9461999999999999,0.836,0.0484,1.9369999999999998,0.8722,0.8914,0.9372,2.1206,1.5338,2.2702,2.645,2.9783999999999997,1.0,3.3370000000000006
EST,Estonia,5.838000011444089,1319491.2,49.6670681217081,88.66,5.08359,68.72540000000001,1377.039794922,31.080000000000002,20975.88760711954,,1.7574361185200444,12.11,Europe & Central Asia,High income,0.6424000000000001,0.9843999999999999,0.9533999999999999,0.9618,0.028800000000000003,2.037,0.8644000000000001,0.9642,0.9040000000000001,1.435,2.2704,2.1482,3.0306,2.0762,1.0,2.7524
ETH,Ethiopia,2.12779998779297,109730662.6,67.71771193631984,15.36,4.73792,20.3184,24.239995192000002,35.0,728.0702247342674,49.63138389587405,11.305363158203955,,Sub-Saharan Africa,Low income,0.1116,0.3222,0.1704,0.1562,0.5683999999999999,-1.0648,0.49119999999999997,0.38739999999999997,0.6285999999999999,0.5269999999999999,0.3534,-0.1892,1.1518,0.9997999999999999,1.0,0.5008
FIN,Finland,8.158000087738035,5504035.8,53.88107942531794,88.02000000000001,6.7532733333333335,85.3306,4290.781640624,27.32,46021.809975146534,,0.6021371243596265,9.84,Europe & Central Asia,High income,0.6168,0.9924,0.9789999999999999,0.9666,0.013000000000000001,2.011,0.9376,0.922,0.9712,2.7288,2.744,2.249,2.877,2.4568,1.0,3.136
FJI,Fiji,4.235599899291994,917716.4,64.99025567863508,53.379999999999995,,55.7402,207.15574035599997,30.7,5664.883592710025,,2.88805347141071,9.96,East Asia & Pacific,Upper middle income,0.1948,0.6508,0.5252000000000001,0.5304,0.251,0.3812,0.6172,0.645,0.72,1.3724,0.3798,1.034,1.7326000000000001,-1.9274,1.0,2.3312
FRA,France,9.459800148010268,66946161.0,54.04009750194784,80.62,5.4516,80.18100000000001,4411.2770507820005,31.96,38848.05444667614,,0.8424403996641917,10.68,Europe & Central Asia,High income,0.6188,0.9618,0.932,0.8834,0.05840000000000001,1.1096,0.8834,0.9336,0.8962,1.6199999999999999,2.2668,2.781,3.7090000000000005,2.679,1.0,2.8546
GAB,Gabon,20.042399978637683,2155643.8,38.9071006701331,52.08,,88.9528,200.507458496,38.0,7142.277297464287,,2.326694370574047,8.39,Sub-Saharan Africa,Upper middle income,0.2686,0.3584,0.26,0.24020000000000002,0.8042,1.2296,0.5025999999999999,0.6662,0.8109999999999999,2.0472,1.0934000000000001,1.3168,0.31720000000000004,-0.11000000000000001,1.0,0.314
GBR,United Kingdom,4.459200096130372,66016668.4,64.32307324345966,92.08,5.474983333333334,83.14099999999999,4168.66416016,33.1,42477.61944883084,,1.593032898068288,12.24,Europe & Central Asia,High income,0.6354,0.9768000000000001,0.9224,0.9568,0.039400000000000004,1.725,0.8104000000000001,0.9046,0.8542,1.2132,1.775,1.6304000000000003,3.1282,-0.2234,1.0,2.661
GEO,Georgia,15.046400070190419,3725499.0,71.2083218216487,59.46,3.56312,58.2374,310.138427734,36.660000000000004,4438.822708911687,99.32683181762695,3.928393106001456,,Europe & Central Asia,Upper middle income,0.4312,0.7898000000000001,0.6275999999999999,0.7404,0.1106,1.9404,0.7214,0.8688,0.8635999999999999,1.9058,0.9892,1.6626,2.029,0.9906,0.0,1.2028
GHA,Ghana,4.993400001525878,29991538.8,74.07148846204595,30.8,4.151285,55.4018,64.342785644,43.5,2006.131756224228,64.4923934936523,12.385786191599,7.0,Sub-Saharan Africa,Lower middle income,0.3722,0.5713999999999999,0.8308,0.8688,0.6186,1.8676,0.737,0.5572,0.7618,1.4380000000000002,2.123,1.5866,1.054,-1.1172,1.0,1.5922
GIN,Guinea,4.33740005493164,12392975.8,78.09048388268734,17.080000000000002,2.4238225,35.806799999999996,38.314411928,29.6,851.5134357347821,40.0,9.632950101997544,,Sub-Saharan Africa,Lower middle income,0.2318,0.157,0.21059999999999998,0.23959999999999998,0.8775999999999999,-0.392,0.4304,0.20739999999999997,0.6602,0.8513999999999999,-0.7922,-0.1276,0.1418,-0.5556000000000001,1.0,-0.3738
GMB,The Gambia,9.15619983673096,2341392.6,84.31465945539222,23.880000000000003,2.201586666666667,60.589200000000005,21.551535798,35.9,669.3044131729002,52.08009910583495,7.141616381522415,3.77,Sub-Saharan Africa,Low income,0.2542,0.5476,0.6142,0.4112,0.41819999999999996,0.28759999999999997,0.5156,0.4808,0.7676000000000001,2.1078,0.013000000000000012,0.24299999999999997,-0.909,-1.732,0.0,0.3538
GNB,Guinea-Bissau,2.514800024032592,1877057.2,71.61581971921896,13.66,,42.9476,55.386986542,34.8,744.7493855239752,54.8823204040527,1.0597761273755242,,Sub-Saharan Africa,Low income,0.22820000000000001,0.2852,0.5758,0.40800000000000003,0.8488,0.8628,0.4492,0.2492,0.7066,1.589,0.546,-0.3328,-0.10800000000000001,-1.139,1.0,-0.074
GNQ,Equatorial Guinea,6.505599975585936,1562220.8,47.66296568934844,30.1,,71.634,217.310916136,,7847.566549501137,,1.284654830165208,,Sub-Saharan Africa,Upper middle income,0.05500000000000001,0.0492,0.0224,0.134,0.858,-2.2068000000000003,0.1588,0.309,0.469,-0.7146000000000001,-0.8661999999999999,-0.4192,-0.7628,1.0977999999999999,1.0,-1.3982
GRC,Greece,21.2908000946045,10761199.4,68.54186394906331,70.74,,78.7206,1535.314062498,34.28,18748.145439724358,,-0.11233171404756523,10.3,Europe & Central Asia,High income,0.6358,0.8934000000000001,0.8503999999999999,0.8848,0.15760000000000002,2.19,0.9092,0.9076000000000001,0.8566,1.9512,1.9346,2.2344,1.149,2.477,1.0,2.757
GTM,Guatemala,2.48239998817444,16551469.6,84.88206121050375,37.42,3.056004,50.6926,258.01459961,,4228.716584657248,80.5975456237793,3.7427089453560596,4.57,Latin America & Caribbean,Upper middle income,0.35439999999999994,0.4164,0.7322,0.7455999999999999,0.7508,1.2596,0.4678,0.1944,0.1504,-1.4444,0.3166,0.7156,1.1320000000000001,0.38920000000000005,1.0,-0.3534
GUY,Guyana,11.97220001220702,778005.8,,43.260000000000005,5.74987,26.5512,268.08822021599997,,6028.834058654522,,1.0218007329907433,8.79,Latin America & Caribbean,High income,0.4018,0.6744,0.7128,0.38639999999999997,0.3854,1.653,0.7186,0.6839999999999999,0.7283999999999999,0.9126,1.0348,0.4112,-1.3522,-1.8674,0.0,1.4667999999999999
HKG,Hong Kong,3.2664000034332283,7396320.0,67.48793142555095,88.8,3.400394,100.0,,,45844.6715839462,,2.436674185889714,11.38,East Asia & Pacific,High income,0.1222,0.9026,0.8218,0.42779999999999996,0.08059999999999999,1.61,0.6752,0.8868,0.7442,1.1172,0.7574,1.3504,2.54,0.207,0.6,1.244
HND,Honduras,5.88719997406006,9589333.0,78.89857751647038,32.739999999999995,6.240214999999999,56.45219999999999,175.76539611799998,49.1,2391.704971641684,88.25,3.706005046630102,6.19,Latin America & Caribbean,Lower middle income,0.26260000000000006,0.27999999999999997,0.5439999999999999,0.3074,0.8459999999999999,1.361,0.4098,0.139,0.23080000000000003,-0.101,0.9625999999999999,0.7864,0.5544,1.4282,1.0,0.6152
HRV,Croatia,11.170599842071526,4047632.8,57.020585671271476,72.8,3.91713,56.6828,920.748925784,30.2,14006.66863801746,,0.3623636910188236,11.3,Europe & Central Asia,High income,0.539,0.7944,0.8248,0.8436,0.323,1.8630000000000002,0.7242,0.8492,0.8238,1.1032,0.8082,1.1368,2.3045999999999998,1.7945999999999998,1.0,2.373
HTI,Haiti,13.79079990386962,10815995.6,96.60548145959972,27.2,2.7691850000000002,54.3278,58.802090455999995,,1394.664302521796,64.8506031036377,12.020006099881815,5.11,Latin America & Caribbean,Lower middle income,0.2314,0.156,0.20220000000000002,0.7716000000000001,0.8640000000000001,0.9512,0.248,0.11080000000000001,0.059,-0.9164,0.544,0.63,-0.6504,0.4258,1.0,-0.627
HUN,Hungary,4.638199996948242,9798344.4,49.53615333736858,77.08,4.613716666666666,71.0672,980.902624512,30.18,14730.879281660022,,1.774040343578061,11.85,Europe & Central Asia,High income,0.3702,0.687,0.7362,0.6018,0.46159999999999995,1.7890000000000001,0.7058,0.675,0.7414,1.2152,0.1166,0.2946,1.221,1.2176,1.0,1.8408000000000002
IDN,Indonesia,4.439599990844726,267242910.4,57.49255037881382,33.480000000000004,3.5836,54.6542,108.36459961,36.64,3715.2954972452017,95.33333333333333,3.985331484577192,7.61,East Asia & Pacific,Upper middle income,0.4192,0.5718,0.7666000000000001,0.7508,0.714,0.504,0.6066,0.4822,0.6396000000000001,0.6285999999999999,1.7890000000000001,2.1759999999999997,0.99,-0.45299999999999996,0.0,1.2782
IND,India,5.436000061035156,1359063114.0,59.4454644874631,19.84,,33.6122,58.535173798,34.72,1849.8589919427159,,4.170339071762908,6.24,South Asia,Lower middle income,0.301,0.5176000000000001,0.784,0.7192000000000001,0.6188,-0.4779999999999999,0.5618,0.2784,0.6096,0.3076,0.6891999999999999,1.0424,0.7358,-1.2904,1.0,2.289
IRL,Ireland,7.131999874114991,4813267.2,30.897140138075923,85.02000000000001,3.661626666666667,62.9594,4992.460546876,31.48,72972.11796723568,,0.2920623406712207,12.03,Europe & Central Asia,High income,0.6412,0.9808,0.9549999999999998,0.8814,0.0288,2.079,0.8538,0.8311999999999999,0.9536,2.1948,2.551,1.7730000000000001,2.892,2.4352,1.0,2.846
IRN,Iran,11.80240020751952,84925598.0,50.09516138389918,61.04,3.4772275,74.38419999999999,359.831918336,36.36,4929.190432722682,86.0,17.139299066850334,8.88,Middle East & North Africa,Upper middle income,0.048,0.2542,0.156,0.5986,0.7498,-1.7172,0.361,0.7022,0.5534000000000001,-1.28,0.1494,-0.1964,0.1412,-1.2064,0.0,-0.1576
IRQ,Iraq,12.047400093078618,39365062.0,50.09450708035044,32.54,,70.28880000000001,204.161712648,,4970.478736830774,84.5,0.46047733854384243,7.16,Middle East & North Africa,Upper middle income,0.2444,0.2326,0.5532,0.7354,0.8705999999999999,0.1048,0.339,0.3616,0.4848,0.3766,0.2754,1.2706,0.8352,-0.6914,0.8,1.0138
ISL,Iceland,3.04900002479553,344587.6,49.90257011944564,98.64,7.555446666666666,93.7752,5508.292187504,26.7,65970.83644018971,,2.1574576535662358,11.05,Europe & Central Asia,High income,0.6402,0.983,0.944,0.828,0.012,2.008,0.9336,0.969,0.9116,1.9579999999999997,1.7079999999999997,1.5282,2.1338,2.55,1.0,2.533
ISR,Israel,4.424599981307984,8715240.0,52.85533882952474,81.84,5.939016666666667,92.338,3007.744189454,38.760000000000005,40210.52381403984,,0.1500860805713376,12.32,Middle East & North Africa,High income,0.46080000000000004,0.9224,0.8878,0.9395999999999999,0.11400000000000002,1.065,0.7502,0.8432000000000001,0.8635999999999999,1.4992,1.407,1.7898,1.998,2.197,1.0,1.924
ITA,Italy,11.058399963378907,60409126.0,59.96121138724423,64.96000000000001,3.97812,70.1476,2819.7067871120003,35.260000000000005,32525.346712430463,99.0,0.5840082977939114,9.63,Europe & Central Asia,High income,0.6836,0.8986000000000001,0.8667999999999999,0.9503999999999999,0.2028,2.111,0.9374,0.9437999999999999,0.9226000000000001,2.1562,2.4058,2.53,1.7282,1.3602,1.0,2.9912
JAM,Jamaica,11.088599967956526,2814316.2,77.87777838270516,56.14,5.323088,55.393600000000006,313.712890624,35.6,5303.469974828964,,3.612540348702334,9.87,Latin America & Caribbean,Upper middle income,0.5502,0.8764,0.884,0.8308,0.1238,2.096,0.9112,0.7392,0.63,1.006,1.4224,1.9393999999999998,1.1187999999999998,-0.5738,1.0,2.526
JOR,Jordan,14.62779979705812,10183903.8,77.83424802444117,62.04,3.2262625,90.7382,290.641992188,,4082.128827131414,95.4314498901367,1.378487557004638,9.59,Middle East & North Africa,Lower middle income,0.1166,0.63,0.6073999999999999,0.656,0.5072,-0.032,0.44980000000000003,0.7256,0.6838,0.6994,0.5644,0.8766,0.1526,-1.2572,1.0,0.8110000000000002
JPN,Japan,2.798199987411498,126926600.0,54.883048433129446,91.47999999999999,3.1841799999999996,91.5374,4156.1462890620005,,38667.45106875302,,0.5220182679244536,11.6,East Asia & Pacific,High income,0.5382,0.9488,0.875,0.929,0.0888,2.029,0.8412,0.974,0.975,2.146,1.5346,1.6019999999999999,2.4958,1.113,1.0,2.604
KAZ,Kazakhstan,4.84099998474121,18648396.4,53.04540689115096,76.52000000000001,2.7833625,57.351800000000004,273.87445984,27.46,9108.877020052245,,7.995853354557852,11.33,Europe & Central Asia,Upper middle income,0.07339999999999999,0.1802,0.1276,0.159,0.8538,-1.152,0.3398,0.7125999999999999,0.5599999999999999,1.045,-0.698,-0.5226,0.0698,0.284,1.0,0.6504
KEN,Kenya,2.704599952697754,49167182.6,76.87252270011929,18.64,5.326735,26.5724,74.444572448,40.8,1701.518203412856,,6.162899586700942,6.14,Sub-Saharan Africa,Lower middle income,0.359,0.6125999999999999,0.7592000000000001,0.8714000000000001,0.5912,1.3756,0.6964,0.4814,0.5052,0.9154,1.3918,1.3964,1.1423999999999999,0.6724,1.0,1.1808
KGZ,Kyrgyzstan,6.789999961853026,6311271.6,83.04827367033846,49.67999999999999,6.199283333333334,36.1596,70.883667754,28.1,1227.16745137166,99.5999984741211,2.5487501160402877,10.71,Europe & Central Asia,Lower middle income,0.27040000000000003,0.376,0.42560000000000003,0.7316,0.835,-0.11520000000000001,0.5376000000000001,0.634,0.6948000000000001,1.168,1.1381999999999999,1.2226,1.432,-1.6656,1.0,1.0304
KHM,Cambodia,0.6242000102996824,16061050.4,71.45946972173495,31.0075,2.16286,22.988599999999998,85.7877594,,1862.2840817930403,81.0,2.311473488469956,4.72,East Asia & Pacific,Lower middle income,0.1022,0.0854,0.11320000000000001,0.1266,0.8788,-0.3034,0.31579999999999997,0.164,0.1378,-0.3126,-0.5946,-0.4016,-1.222,-1.082,1.0,0.4558
KOR,South Korea,3.799199962615968,51388908.2,48.13956500325652,94.0,4.3331,81.5176,2251.263110352,34.25,30993.63771004544,98.8000030517578,1.0962378947732327,12.05,East Asia & Pacific,High income,0.5442,0.908,0.8493999999999999,0.9347999999999999,0.16840000000000002,0.22999999999999998,0.8128,0.9628,0.8426,1.9232,1.302,2.0716,3.0604,2.4904,1.0,2.71
KWT,Kuwait,2.083200001716616,4151862.6,41.97457633227532,92.94,,100.0,1441.1540527339998,,30005.87828976372,96.0,2.0553827174726513,6.34,Middle East & North Africa,High income,0.1008,0.6198,0.754,0.8625999999999999,0.5018,-0.5002,0.3882,0.924,0.5944,-0.8779999999999999,1.1312,1.7868,-1.58,-1.815,0.0,-1.7748000000000002
LAO,Laos,0.6597999930381776,7018855.0,68.46233884650215,29.779999999999994,,34.3722,58.518112182,38.8,2398.218779709248,85.0,1.8125393271802495,5.02,East Asia & Pacific,Lower middle income,0.1032,0.2636,0.45919999999999994,0.1976,0.7748,-0.577,0.38839999999999997,0.3702,0.3074,-0.762,-0.30219999999999997,-1.2650000000000001,-0.994,-0.229,1.0,-0.915
LBN,Lebanon,6.252600002288818,6146874.0,90.22242553452438,78.14,,88.43039999999999,680.979003908,,8498.349930976246,93.0,1.7742451766948022,,Middle East & North Africa,Lower middle income,0.25060000000000004,0.32080000000000003,0.4875999999999999,0.5596,0.753,0.8862,0.42379999999999995,0.49820000000000003,0.541,0.7844,1.1662000000000001,0.8535999999999999,0.3592,-1.3943999999999999,1.0,2.0048000000000004
LBR,Liberia,2.781999969482424,4850482.2,,15.52,2.6727,50.7074,66.204048156,35.3,691.3679098249243,48.3013610839844,15.90647377309078,4.2,Sub-Saharan Africa,Low income,0.33880000000000005,0.3618,0.5944,0.6716,0.8672000000000001,1.5512000000000001,0.8374,0.26480000000000004,0.6216,1.1294,1.0215999999999998,1.5128,1.0368,-1.7259999999999998,0.0,-1.095
LBY,Libya,18.665600204467758,6740560.6,41.154792856754696,,,79.8244,492.248254394,,9221.980981974539,,14.61356221381223,8.0,Middle East & North Africa,Upper middle income,0.1704,0.1778,0.39299999999999996,0.7085999999999999,0.7922,0.7024,0.6641999999999999,0.3348,0.4664,-0.6126,1.5488,0.5532,0.4972,-0.579,1.0,-0.332
LKA,Sri Lanka,4.251599979400634,21419200.0,61.641040105099215,24.580000000000002,2.6503525,18.4024,148.291571044,38.5,4210.845381021978,92.0,4.218965058901558,10.06,South Asia,Lower middle income,0.3726,0.6769999999999999,0.8710000000000001,0.5934,0.503,-0.1286,0.584,0.7726,0.5142,-0.6556,0.9018,1.3092,-1.512,-1.6222,1.0,1.7132
LSO,Lesotho,24.04080009460446,2157030.2,82.26207244474932,35.92,7.474255,27.7386,136.07145996,44.9,1087.1539702764828,86.2408676147461,4.8403072051029925,5.85,Sub-Saharan Africa,Lower middle income,0.361,0.622,0.756,0.7004,0.507,0.6362,0.8218,0.7802,0.792,1.8125999999999998,1.2786,1.0886,0.6178,0.9446,0.0,0.9039999999999999
LTU,Lithuania,7.310799980163575,2839444.8,61.65889353578361,76.94,4.015553333333333,67.5292,1121.181921388,36.82,17052.57721222908,,1.7553506929922051,10.89,Europe & Central Asia,High income,0.6235999999999999,0.9554,0.9708,0.9336,0.13820000000000002,2.0,0.9032,0.9002000000000001,0.8884000000000001,2.229,1.7276,1.3661999999999999,3.218,2.687,1.0,2.111
LUX,Luxembourg,5.8859999656677235,595181.0,33.104871057650804,97.22,3.743895,90.714,5811.80263672,33.739999999999995,110413.49425173881,,1.1535784171144492,10.99,Europe & Central Asia,High income,0.6354,0.977,0.876,0.898,0.027000000000000003,1.816,0.9490000000000001,0.9638,0.9869999999999999,3.136,2.912,1.422,2.802,2.612,1.0,2.791
LVA,Latvia,8.432600021362305,1944061.6,62.031116193130856,81.75999999999999,4.8080799999999995,68.088,973.5542358380001,34.739999999999995,15368.028806549299,,1.7182204288998588,10.65,Europe & Central Asia,High income,0.6304000000000001,0.9498,0.9576,0.8114000000000001,0.11120000000000001,1.905,0.8134,0.8912000000000001,0.9465999999999999,2.1788,1.7284,1.579,2.6834,0.5866,1.0,2.4126000000000003
MAR,Morocco,9.208800125122067,35425619.0,59.223660204358815,65.22,,61.9048,169.093701172,,3318.685107421878,,1.2110368508132403,4.96,Middle East & North Africa,Lower middle income,0.1674,0.46259999999999996,0.6124,0.7478,0.6614,1.0303999999999998,0.465,0.391,0.6728000000000001,1.327,0.8152000000000001,1.057,1.1443999999999999,0.78,1.0,-0.402
MDA,Moldova,4.085599994659423,2753156.0,86.29569708763536,59.6,5.555540000000001,42.5826,232.46766662600004,26.18,3522.338119327824,,6.097723354722366,10.4,Europe & Central Asia,Upper middle income,0.34740000000000004,0.4934,0.7696,0.7428,0.7698,0.9410000000000001,0.6806,0.7356,0.7053999999999999,1.458,0.4686,0.8342,1.4034,-0.1396,1.0,1.8821999999999999
MDG,Madagascar,1.744000005722046,26805901.8,71.8710292350529,6.481999999999999,2.5742666666666665,36.5246,21.350138094,,478.2867311747308,77.0,7.250749016285196,,Sub-Saharan Africa,Low income,0.3008,0.27880000000000005,0.33819999999999995,0.3712,0.791,1.526,0.5938000000000001,0.1456,0.3706,0.8088,-0.06,0.3344,-0.429,-0.828,1.0,0.35
MDV,Maldives,5.950999927520752,458115.8,44.70840784352788,65.47999999999999,4.23313,39.3818,906.212304686,30.3,10653.179809818448,96.90578969319664,0.8719691599364193,6.02,South Asia,Upper middle income,0.2472,0.31799999999999995,0.33399999999999996,0.5157999999999999,0.6706,-0.8065999999999999,0.5004,0.5274,0.7008,1.0462,-0.1078,0.08700000000000005,0.2982,-0.502,0.0,1.1514
MEX,Mexico,3.660000038146974,123412081.4,68.16572364991796,59.239999999999995,4.889183333333333,79.86580000000001,526.874743652,46.45,9844.557973886524,94.75,4.023823462428532,8.79,Latin America & Caribbean,Upper middle income,0.40800000000000003,0.49219999999999997,0.6952,0.5636,0.6808,1.3172000000000001,0.6226,0.34619999999999995,0.35819999999999996,-0.3564,0.9808,1.0594,1.9072,3.643,1.0,2.9368000000000003
MKD,North Macedonia,22.133600616455062,1896542.6,66.7535904013738,75.54,,57.778,388.214318848,34.160000000000004,6049.863570431196,,0.6074320383978689,,Europe & Central Asia,Upper middle income,0.3534,0.4086,0.3588,0.659,0.6498,1.3014,0.4944,0.7405999999999999,0.6848,1.1587999999999998,0.5102,0.8522000000000001,1.2958,1.3866,1.0,1.935
MLI,Mali,7.389200019836425,19821551.4,75.93972583443778,17.919999999999998,3.561633333333333,41.567600000000006,29.526507188,36.0,773.299435616342,34.0,0.010436098684318783,1.97,Sub-Saharan Africa,Low income,0.3182,0.3754,0.6434,0.3284,0.8064,-0.1774,0.7156,0.193,0.8006,1.6582000000000001,1.2029999999999998,2.1784,0.1454,-0.31260000000000004,1.0,-0.7502000000000001
MLT,Malta,4.251200008392332,471420.0,46.83793084934716,80.52000000000001,5.082756666666667,94.546,2562.695898438,29.48,29579.07638928328,,1.1814978318056488,10.52,Middle East & North Africa,High income,0.5658,0.7954000000000001,0.7498,0.5136000000000001,0.265,1.9099999999999997,0.8148,0.9324,0.889,1.6510000000000002,1.45,0.9719999999999999,0.3238,-1.7449999999999999,1.0,1.9310000000000003
MMR,Burma/Myanmar,1.3057999968528764,51878530.0,,23.28,1.9808833333333336,30.338600000000003,59.47487640199999,34.4,1278.591050850944,82.27560043334961,7.330585866254213,4.85,East Asia & Pacific,Lower middle income,0.24459999999999998,0.5269999999999999,0.4652,0.5046,0.4332,0.47780000000000006,0.5918,0.275,0.4654,-1.6218,0.8,0.983,0.5048,-0.9056000000000001,1.0,0.8782
MNE,Montenegro,16.27919998168946,622218.0,75.1056389069702,70.86,,66.4774,662.2578002920001,37.38,7822.80386890664,98.5344009399414,1.3260660073099504,,Europe & Central Asia,Upper middle income,0.3068,0.6826000000000001,0.7694,0.5762,0.5432,1.4815999999999998,0.5988,0.8746,0.8089999999999999,1.503,1.1902000000000001,1.2486000000000002,1.0192,1.937,1.0,2.48
MNG,Mongolia,6.144000148773193,3148099.8,58.821628330945416,33.339999999999996,4.4820633333333335,68.37559999999999,176.06169128599998,32.5,3911.995521773336,96.8963470458984,4.979140707336693,9.2,East Asia & Pacific,Upper middle income,0.36619999999999997,0.5851999999999999,0.8092,0.7948000000000001,0.678,1.2174,0.7072,0.6916,0.8480000000000001,2.8802,1.4465999999999999,2.246,1.49,-0.446,1.0,1.0338
MOZ,Mozambique,3.319000005722048,28190818.8,66.74892152052033,8.940000000000001,5.623483333333333,35.4594,38.255909732,50.3,511.9183767498682,58.5,8.559209272490792,1.93,Sub-Saharan Africa,Low income,0.2632,0.44699999999999995,0.6432,0.46180000000000004,0.5226,1.459,0.709,0.2752,0.629,1.2188,0.6649999999999999,0.5732,0.13,1.5526,1.0,1.4204
MRT,Mauritania,9.607800102233886,4213721.8,58.879930714813895,21.18,1.91976,52.81079999999999,53.313069915999996,32.0,1645.1453496759482,65.1120223999023,2.469633287757482,4.53,Sub-Saharan Africa,Lower middle income,0.1978,0.23199999999999998,0.2298,0.1494,0.8497999999999999,0.5958,0.18519999999999998,0.1646,0.5277999999999999,-1.1358000000000001,0.028200000000000003,0.8295999999999999,0.9057999999999999,-0.867,1.0,-0.36160000000000003
MUS,Mauritius,6.861399936676024,1264615.0,72.32105595854034,55.6,4.895468,40.862,586.1561523419999,36.8,10672.398961236144,93.0,1.9105861781671745,8.86,Sub-Saharan Africa,Upper middle income,0.4628,0.7293999999999999,0.8378,0.8644000000000001,0.4782,1.0,0.7378,0.9144,0.8046,2.334,1.3854000000000002,1.8046,-0.303,-1.9620000000000002,0.0,2.134
MWI,Malawi,5.7246000289917,18047374.8,,7.840000000000001,4.77585,16.7288,36.044637296,41.6,519.9948283744102,62.1435394287109,15.382573770352,4.81,Sub-Saharan Africa,Low income,0.33680000000000004,0.5558,0.7308,0.8968,0.6438,1.4858,0.581,0.25539999999999996,0.688,1.4689999999999999,1.0068,1.2853999999999999,-1.0493999999999999,-1.2768000000000002,0.0,0.663
MYS,Malaysia,3.324799966812134,32345938.0,56.267766637302124,79.08,4.5937600000000005,75.4286,383.00482177599997,41.150000000000006,10161.951143477596,95.0,1.9227517163437882,10.44,East Asia & Pacific,Upper middle income,0.25539999999999996,0.5586,0.6278,0.3846,0.44279999999999997,-0.4918,0.5494,0.8158,0.45499999999999996,0.1322,1.2574,0.33320000000000005,-0.7388,-1.4918,1.0,1.3718
NAM,Namibia,21.19160003662108,2509637.4,70.62589797550359,37.22,,48.988,434.43555907999996,59.1,4870.856831896484,,4.856476547751262,6.17,Sub-Saharan Africa,Upper middle income,0.42960000000000004,0.8452,0.8648,0.7011999999999999,0.20659999999999998,1.3723999999999998,0.6990000000000001,0.40780000000000005,0.6502,1.0852,1.3898,1.2858,0.123,1.3235999999999999,1.0,0.6132
NER,Niger,0.49059998989105225,21439304.6,69.41153960614577,8.4,3.4034975,16.3658,28.051591492,37.3,530.0865039271498,,0.870396610418744,1.88,Sub-Saharan Africa,Low income,0.35860000000000003,0.6202,0.5876,0.858,0.5356,-0.061,0.8068,0.29619999999999996,0.8124,2.4617999999999998,2.2426000000000004,2.7794,1.015,-0.4824,1.0,0.11680000000000001
NGA,Nigeria,7.21979990005493,200158910.6,,25.98,,49.5082,73.99627838,35.5,2171.104253193174,60.1186752319336,12.940008537598597,,Sub-Saharan Africa,Lower middle income,0.3702,0.2766,0.555,0.8108000000000001,0.925,1.3004,0.55,0.25860000000000005,0.6416000000000001,1.244,1.0628,1.1194,0.4069999999999999,-0.46440000000000003,1.0,0.958
NIC,Nicaragua,4.787399911880494,6316410.2,70.44094487049945,29.279999999999994,4.17242,58.31320000000001,171.59771118199998,,2076.510066070392,82.6145477294922,4.338950398983217,6.61,Latin America & Caribbean,Lower middle income,0.158,0.06760000000000001,0.028000000000000004,0.0448,0.8855999999999999,-1.0462,0.3312,0.3008,0.376,-0.8948,-1.1532,-1.4738,-0.619,1.34,1.0,0.5429999999999999
NLD,Netherlands,4.948600101470946,17135606.2,43.583310005063275,92.1,5.334286666666666,91.05019999999999,4985.286230468,28.439999999999998,49925.2004357865,,1.3271141155916577,11.39,Europe & Central Asia,High income,0.6188,0.9836,0.9554,0.9751999999999998,0.0186,2.086,0.898,0.9544,0.9359999999999999,2.435,2.88,2.158,2.056,2.277,1.0,3.217
NOR,Norway,4.05659999847412,5271981.2,43.89321147506226,97.0,7.8372866666666665,81.8622,7830.728027346,27.660000000000004,76206.51937280106,,2.505759725552538,11.59,Europe & Central Asia,High income,0.643,0.9934,0.9812,0.9709999999999999,0.0078,2.096,0.9578,0.984,0.9789999999999999,3.067,4.267,2.713,2.735,3.001,1.0,2.897
NPL,Nepal,1.414800000190736,28056820.4,80.84339260425475,24.9,4.691255,19.345599999999997,49.604407502,,1033.885043641592,67.1067543029785,5.983239449656276,4.23,South Asia,Lower middle income,0.3954,0.6148,0.8064,0.9062000000000001,0.6488,0.7156,0.7758,0.3364,0.7862,1.2198,0.9638,1.0622,1.152,-1.2574,1.0,1.763
NZL,New Zealand,4.70679988861084,4803380.0,57.56756171833232,87.66,6.35147,86.47200000000001,3820.286376952,,41519.868077088904,,1.2015323053946851,10.98,East Asia & Pacific,High income,0.6891999999999999,0.992,0.9756,0.9179999999999999,0.009,2.021,0.8692,0.9358000000000001,0.8834,1.9579999999999997,2.084,1.7054000000000002,2.8736,1.249,1.0,2.5472
OMN,Oman,3.0920000076293936,4460457.2,37.10990978899222,81.26,,83.4784,711.205358884,,18564.10233973072,95.0,0.828744012113599,,Middle East & North Africa,High income,0.1256,0.6314,0.43899999999999995,0.29,0.256,-1.9158000000000002,0.3356,0.842,0.6384000000000001,0.6892,-0.549,-0.59,-1.337,-0.472,1.0,-2.847
PAK,Pakistan,3.967200040817262,223686702.0,82.00795391687498,13.919999999999998,2.85082,36.455,37.728952026,30.450000000000003,1456.830294313124,58.0,5.207248015115768,5.02,South Asia,Lower middle income,0.2584,0.257,0.6816,0.5214000000000001,0.8939999999999999,-0.9842000000000001,0.3668,0.10600000000000001,0.0982,-0.9326000000000001,0.8892,1.1854,1.075,-1.55,1.0,1.6496000000000002
PAN,Panama,3.6026000499725344,4098077.6,49.720998290354956,58.120000000000005,,67.3712,1146.49375,50.019999999999996,15447.775946587539,95.5,0.4318613081800228,9.27,Latin America & Caribbean,High income,0.4664,0.6112,0.529,0.7232,0.538,1.7007999999999999,0.5708,0.5862,0.611,-0.35419999999999996,1.7614,1.717,0.734,0.9730000000000001,1.0,1.357
PER,Peru,3.339000034332274,31399123.6,64.62323219398588,50.4,3.856852,77.7244,337.04711303600004,42.839999999999996,6640.082738602117,94.0,2.742289036989598,8.88,Latin America & Caribbean,Upper middle income,0.5714,0.755,0.8256,0.9385999999999999,0.5204000000000001,1.802,0.6854,0.38680000000000003,0.627,0.045,0.9359999999999999,1.3524,1.0836000000000001,0.325,1.0,1.5192
PHL,Philippines,2.563200044631958,108087674.8,72.5914771060599,40.96,,46.699400000000004,123.757278442,43.45,3100.494986737506,97.0,2.496498204813162,8.43,East Asia & Pacific,Lower middle income,0.3398,0.49260000000000004,0.6664,0.6496000000000001,0.7404,0.6192,0.45600000000000007,0.29979999999999996,0.3746,0.1344,1.1805999999999999,1.7338,0.656,-2.248,1.0,0.265
PNG,Papua New Guinea,2.4948000431060797,9177440.2,,12.175,1.94791,13.1166,54.671871948,,2484.1795054355543,70.0636825561523,5.27897887979926,4.26,East Asia & Pacific,Lower middle income,0.2684,0.46320000000000006,0.7912000000000001,0.65,0.692,1.562,0.611,0.21200000000000002,0.5718,1.423,0.5456000000000001,0.355,0.118,-0.46840000000000004,1.0,0.063
POL,Poland,5.1735999584198,37974310.0,58.993702322252126,75.03999999999999,4.67035,60.1312,904.479577638,30.339999999999996,14109.521492017138,,0.9154945411977117,11.32,Europe & Central Asia,High income,0.4934,0.8380000000000001,0.7028,0.759,0.0938,1.6019999999999999,0.8946,0.8974,0.9172,2.549,0.628,1.4288,2.1864,2.2808,1.0,2.56
PRK,North Korea,2.793600034713744,25812032.8,,,,61.6918,,,,99.9981918334961,,,East Asia & Pacific,Low income,0.04479999999999999,0.028200000000000003,0.003,0.086,0.6836,-4.115,0.242,0.5788,0.0646,-0.184,-2.874,-2.809,-2.058,-0.761,1.0,-0.085
PRT,Portugal,9.140799999237053,10310782.6,64.84357325509102,72.56,4.950575,64.6454,2020.375756838,34.160000000000004,21504.589893901302,,0.7591687816991037,7.52,Europe & Central Asia,High income,0.6348,0.9628,0.9652,0.9188000000000001,0.1014,2.334,0.9102,0.9268000000000001,0.9224,2.4579999999999997,2.9134,1.9486,3.016,2.2566,1.0,2.224
PRY,Paraguay,4.753800010681152,6337865.8,63.71557521636704,59.54,3.43834,61.30800000000001,404.905523682,47.14,5977.27931687085,94.5,3.5102020794071565,7.57,Latin America & Caribbean,Upper middle income,0.3686,0.3952,0.5896,0.6416000000000001,0.8173999999999999,1.3288,0.394,0.1464,0.263,-1.1663999999999999,0.9926,0.714,0.5434,1.1074,1.0,1.2616
PSE,Palestine/West Bank,25.00919990539552,4469275.6,88.76794151598564,62.98,5.370476666666666,75.89880000000001,307.60192871,33.7,3527.86356979418,96.8,0.5620302700180281,,Middle East & North Africa,Lower middle income,0.1776,0.628,0.7242,0.253,0.382,-0.077,0.48319999999999996,0.7482,0.8814,2.2720000000000002,-0.3992,0.5636,1.8728000000000002,0.08880000000000002,1.0,1.3396
QAT,Qatar,0.1322000011801718,2517376.2,23.994910819952,96.96000000000001,2.77959,99.0722,2076.1463134779997,35.1,66279.98766891361,,0.8949444224611531,8.43,Middle East & North Africa,High income,0.020399999999999998,0.5418000000000001,0.40700000000000003,0.048,0.3872,-0.6028,0.078,0.9436,0.3084,-0.1512,-0.4,-0.7727999999999999,-2.501,-1.0968,0.0,-3.2380000000000004
ROU,Romania,5.160599946975706,19590443.2,62.5002731395208,64.67999999999999,3.058753333333333,53.961,579.862164304,35.379999999999995,10920.766951538522,,1.5306813725563793,10.67,Europe & Central Asia,High income,0.4952,0.6942,0.7406,0.6852,0.43179999999999996,2.125,0.7418,0.6772,0.8064,0.817,0.16119999999999993,0.5742,2.1102,1.2550000000000001,1.0,2.4804000000000004
RUS,Russia,5.154600048065186,145160166.6,52.15275400534438,76.53999999999999,4.0947933333333335,74.3052,558.779162596,35.94,10251.8748046875,,6.721769194118238,11.53,Europe & Central Asia,High income,0.1516,0.19,0.0662,0.15660000000000002,0.7213999999999999,-0.3954,0.4154,0.727,0.5012000000000001,0.7756000000000001,-0.7150000000000001,-0.0206,1.403,0.7394000000000001,1.0,1.2398
RWA,Rwanda,1.0731999874115001,12205072.8,76.01578841955096,16.979999999999997,3.309055,17.1418,49.9946167,43.7,760.7287368820238,73.0,4.203809794867681,4.36,Sub-Saharan Africa,Low income,0.1942,0.4822,0.20859999999999998,0.30619999999999997,0.4088,-1.123,0.49960000000000004,0.7894,0.5992,1.2982,0.442,0.421,2.0808,-0.9399999999999998,1.0,0.4436
SAU,Saudi Arabia,5.819400024414064,30401603.0,41.00375414297248,85.53999999999999,,83.6224,1411.384204102,,24595.86094276514,95.0,0.5603054498205664,8.53,Middle East & North Africa,High income,0.0248,0.2848,0.2616,0.059399999999999994,0.4548,-1.4956,0.1048,0.8172,0.3564,-1.6064,0.32,-1.6722000000000001,-1.629,-2.679,1.0,-2.767
SDN,Sudan,17.00679969787598,42755480.0,86.2642239707978,20.8,,34.3926,63.65875091400001,,946.6208007812505,60.6971817016602,36.25960187580454,3.21,Sub-Saharan Africa,Low income,0.1102,0.1318,0.1216,0.2378,0.8074,-1.6350000000000002,0.1676,0.13679999999999998,0.0816,-1.0114,-0.4781999999999999,-1.198,0.203,-0.4231999999999999,1.0,0.3866
SEN,Senegal,6.6417999267578125,15474054.8,70.47363759315661,31.139999999999997,5.0069300000000005,46.748599999999996,58.485365296,38.3,1344.99766130132,47.02639083862304,0.9023494358128312,2.74,Sub-Saharan Africa,Lower middle income,0.454,0.7542,0.6748,0.8102,0.31379999999999997,1.6143999999999998,0.8288,0.5378000000000001,0.8109999999999999,2.1424,1.5882,1.5374,-1.0828,-1.2764000000000002,1.0,0.4098
SGP,Singapore,4.039599990844726,5619356.6,35.7458100925627,85.02000000000001,,100.0,2609.2126464820003,,61325.99593955012,97.0,0.10505081812039282,10.81,East Asia & Pacific,High income,0.11140000000000001,0.9714,0.748,0.5256000000000001,0.009,0.039599999999999996,0.6315999999999999,0.9410000000000001,0.86,0.924,1.3638,0.5688000000000001,2.6677999999999997,-1.2026,0.0,1.6603999999999999
SLB,Solomon Islands,0.631599998474121,684942.8,61.132882955883545,16.66,,23.2856,92.26574401799999,,2154.710960500058,,1.104606678006029,,East Asia & Pacific,Lower middle income,0.3548,0.5778,0.7782,0.7041999999999999,0.6228,0.557,0.5,0.21539999999999998,0.684,1.701,0.75,0.09080000000000002,0.1984,-0.716,1.0,0.26280000000000003
SLE,Sierra Leone,4.513799953460694,7381767.2,75.04282342071276,12.288,5.5969774999999995,41.6464,68.72746200399999,35.7,852.378741781787,44.20548057556155,13.32630996533754,4.23,Sub-Saharan Africa,Low income,0.3464,0.3952,0.4546,0.5946,0.7744,1.7246000000000001,0.709,0.4354,0.48360000000000003,0.5532,1.3342,1.5752,-0.6734,-1.0333999999999999,0.0,0.46299999999999997
SLV,El Salvador,4.183400106430054,6208026.8,83.43271237138154,36.779999999999994,3.7631924999999997,71.249,347.855090334,39.2,4043.0941359077538,88.4,0.4101345547171668,7.77,Latin America & Caribbean,Upper middle income,0.3982,0.4446,0.6468,0.6678,0.6246,1.8483999999999998,0.5873999999999999,0.2786,0.2494,0.7150000000000001,0.8326,0.352,0.1946,1.129,1.0,2.1552
SOM,Somalia,11.4421998977661,14911158.0,122.9948996049894,1.88,,44.3954,12.96932888,,493.374251519475,,,,Sub-Saharan Africa,Low income,0.0874,0.1072,0.238,0.6308,0.9218,0.437,0.413,0.046,0.1534,-1.309,1.075,-0.1252,-1.407,-2.233,1.0,-1.8758
SRB,Serbia,14.36259994506834,7020480.4,68.49008868497198,70.7,3.6824425,55.96,550.3287109380001,36.980000000000004,6733.244608221265,99.0,1.890961057625916,10.85,Europe & Central Asia,Upper middle income,0.259,0.503,0.53,0.6622,0.671,0.7203999999999999,0.6618,0.8106,0.7575999999999999,1.3599999999999999,0.3032,1.0992000000000002,0.944,1.6771999999999998,1.0,1.041
SSD,South Sudan,,10548635.6,,4.42,1.50473,19.3608,31.393456776666667,44.1,1080.14718624765,34.5227584838867,158.2720879929771,,Sub-Saharan Africa,Low income,0.0648,0.054200000000000005,0.1338,0.24420000000000003,0.883,-0.5458000000000001,0.11499999999999999,0.0182,0.044,-1.9789999999999999,-1.123,-0.9708,-0.921,-1.5124,1.0,-0.8291999999999999
STP,Sao Tome and Principe,13.33239994049074,206905.8,,33.739999999999995,4.8177,71.92699999999999,105.586503602,40.7,1609.933464759462,87.4384613037109,6.391107150315574,,Sub-Saharan Africa,Lower middle income,0.4244,0.7338,0.7248,0.8544,0.2868,1.612,0.738,0.5458000000000001,0.741,1.432,1.4092,0.758,1.779,0.7488,1.0,0.5566
SUR,Suriname,7.15959997177124,593675.6,,50.839999999999996,,66.0584,443.42859497,,6760.5508004838075,,28.10107819511079,,Latin America & Caribbean,Upper middle income,0.4798,0.7226,0.8343999999999999,0.791,0.2682,1.605,0.737,0.7,0.7132,0.8161999999999999,1.3076,2.176,-0.531,-1.709,1.0,1.423
SVK,Slovakia,8.27579984664916,5438949.8,55.25881542849402,80.6,4.150126666666666,53.7802,1223.11442871,24.619999999999997,17940.62270849496,,1.129062874323754,12.82,Europe & Central Asia,High income,0.6262000000000001,0.821,0.8446,0.8496,0.289,1.98,0.7202,0.8183999999999999,0.8082,1.1234,1.2631999999999999,1.344,2.426,2.42,1.0,1.7654
SVN,Slovenia,6.565799999237062,2071448.0,53.50373787653266,78.08,4.8315166666666665,54.287400000000005,1985.645239256,24.68,23430.081432389437,,0.8435373666253898,11.89,Europe & Central Asia,High income,0.6452,0.9433999999999999,0.8984,0.9516,0.0878,2.197,0.8956,0.9396000000000001,0.909,2.367,2.0866,1.8674,2.4466,2.3632,1.0,2.6562
SWE,Sweden,6.792399978637695,10046814.0,45.92069393384118,91.4,7.543783333333334,87.138,5755.046875,29.380000000000003,52454.83246891065,,1.2939339643118462,11.64,Europe & Central Asia,High income,0.6556,0.9928000000000001,0.974,0.9788,0.0082,2.194,0.921,0.9188000000000001,0.9597999999999999,2.4495999999999998,2.614,2.5900000000000003,1.3518000000000001,3.4066,1.0,3.468
SWZ,Eswatini,22.631000137329117,1159863.6,,34.56,,23.6328,271.00491638200003,54.6,3665.862951851802,,5.286594538992614,5.06,Sub-Saharan Africa,Lower middle income,0.11979999999999999,0.29100000000000004,0.2992,0.3786,0.5168,-1.077,0.2432,0.36360000000000003,0.22560000000000002,1.0466,-0.33799999999999997,-0.6285999999999999,-1.1202,-2.5956,1.0,-2.0802
SYC,Seychelles,,95665.2,63.092465917894266,63.839999999999996,4.42102,56.260400000000004,663.342675782,32.1,17392.44217770636,,2.278654069035956,,Sub-Saharan Africa,High income,0.2408,0.8747999999999999,0.8488,0.8208,0.1736,0.122,0.6476,0.884,0.8619999999999999,1.9487999999999999,1.2658,1.1965999999999999,1.521,0.142,1.0,2.118
SYR,Syria,8.397800064086914,19554899.8,95.58419823919799,32.62,,53.4972,37.91268692,,912.6377640848416,,23.720024656961314,6.7,Middle East & North Africa,Low income,0.047799999999999995,0.0328,0.0482,0.057999999999999996,0.9274000000000001,-2.7194000000000003,0.047799999999999995,0.1032,0.4332,-2.2942,-2.4046,-1.9502000000000002,-1.8596,-0.932,1.0,-1.702
TCD,Chad,1.853200006484986,15645357.8,76.45939983157136,6.0600000000000005,2.45482,22.8776,31.44385147,37.5,685.9137125062066,26.210303624471,1.0700538612596335,,Sub-Saharan Africa,Low income,0.128,0.0498,0.1042,0.146,0.9490000000000001,-0.5122,0.181,0.20459999999999998,0.20620000000000002,-0.42379999999999995,-0.2576,-0.589,-0.15,-0.598,0.0,0.04
TGO,Togo,2.12439999580383,8060094.0,77.24532540616704,13.404000000000002,5.1058775,41.168,50.03661499,42.75,798.7582280778164,65.5,0.898194141224324,5.49,Sub-Saharan Africa,Low income,0.1982,0.2284,0.2222,0.44420000000000004,0.7318,-0.9982,0.7078,0.6242,0.7654,0.8516,1.232,0.24500000000000002,0.1598,0.9503999999999999,0.0,-0.518
THA,Thailand,0.7269999980926514,71091834.6,49.7894684933787,52.64,,49.196600000000004,251.80812683,36.12,6528.199082849083,92.56263732910155,0.3447965554872464,7.99,East Asia & Pacific,Upper middle income,0.09040000000000001,0.319,0.6068,0.1992,0.707,-1.0416,0.5804,0.5982,0.2692,-0.692,-1.7764,-2.0252000000000003,0.9931999999999999,0.1478,1.0,0.6042
TJK,Tajikistan,11.26860027313232,9086543.2,76.80617268422729,20.5,5.23139,27.0036,58.712282562,34.0,856.0789435656716,,5.859570159859246,10.3,Europe & Central Asia,Lower middle income,0.054000000000000006,0.047,0.0472,0.0516,0.917,-1.8372,0.0948,0.3324,0.1724,0.5588,-1.24,-1.5384,-0.7272000000000001,-0.18,0.0,0.526
TKM,Turkmenistan,3.8892000198364243,6508468.0,,18.099999999999998,,51.1678,398.860559082,,6009.609313798837,,,,Europe & Central Asia,Upper middle income,0.0312,0.054000000000000006,0.0526,0.0306,0.9194000000000001,-3.5875999999999997,0.10859999999999999,0.4062,0.2104,-0.9720000000000001,-1.0572,-1.5214,-1.984,1.8086000000000002,1.0,-0.8716000000000002
TLS,Timor-Leste,4.539799976348874,1252410.0,60.032838659230585,23.919999999999998,7.58466,30.2154,87.284458924,,1340.629025786326,65.7791290283203,0.673351510343729,,East Asia & Pacific,Lower middle income,0.3898,0.6726,0.6816,0.666,0.327,0.1914,0.627,0.2976,0.7094,1.5604,0.5346,1.0497999999999998,0.2246,1.3266,1.0,0.526
TTO,Trinidad and Tobago,2.6150000095367423,1356674.6,,70.25999999999999,,53.229,1077.408007812,,18154.88722692588,,2.326276007923758,10.63,Latin America & Caribbean,High income,0.48360000000000003,0.8865999999999999,0.8400000000000001,0.819,0.11479999999999999,1.953,0.7346,0.835,0.8198000000000001,1.839,1.8292000000000002,2.1228000000000002,-0.692,-1.6149999999999998,1.0,1.7618000000000003
TUN,Tunisia,15.51839981079102,11644406.2,71.48441496237486,56.5,6.59601,68.6486,228.34890442,32.8,3727.751910452456,80.23755645751956,5.480657226334352,7.48,Middle East & North Africa,Lower middle income,0.4382,0.8002,0.8864000000000001,0.9522,0.366,0.9629999999999999,0.8586,0.6786000000000001,0.8708,1.509,2.2771999999999997,2.3146,1.9336000000000002,1.2442,1.0,1.2348000000000001
TUR,Trkiye,11.25480003356936,80359156.6,58.223270485888655,64.34,,74.6324,420.43295288,43.23333333333333,10299.973352678964,96.25,11.619916871342715,7.05,Europe & Central Asia,Upper middle income,0.2144,0.2068,0.2746,0.23360000000000003,0.8294,-1.2106,0.6384000000000001,0.6077999999999999,0.6439999999999999,0.078,-1.1914,-0.8526,1.0939999999999999,1.7504000000000002,1.0,2.8696
TWN,Taiwan,,,,,,,,,,,,11.09,,,0.635,0.9042,0.8478,0.7994000000000001,0.28040000000000004,1.3456,0.8507999999999999,0.96,0.8984,1.7906,1.5846,1.9146,1.6309999999999998,1.175,1.0,1.939
TZA,Tanzania,2.036599969863892,55621980.2,60.4422205780774,14.02,4.063475,33.0558,38.044683074,40.5,993.0481689453134,78.0,4.608078188689846,5.81,Sub-Saharan Africa,Lower middle income,0.269,0.7412,0.7838,0.8352,0.3538,0.0518,0.8352,0.7163999999999999,0.7332,1.8122,1.3346,0.9846,1.0662,0.6134,0.0,0.5428
UGA,Uganda,1.814799976348878,40214690.8,72.58054771333875,5.85,2.224605,23.203,35.387006758,42.75,799.0144545592242,69.101318359375,4.39787562236264,5.7,Sub-Saharan Africa,Low income,0.2182,0.3702,0.515,0.7123999999999999,0.8124,-0.34059999999999996,0.5588,0.3214,0.48819999999999997,0.41980000000000006,0.9872,1.2078,0.6990000000000001,-0.279,1.0,0.6038
UKR,Ukraine,9.136200141906738,45400826.8,69.04694495821732,58.7,5.2110199999999995,69.2572,190.711160278,25.839999999999996,2707.227197265628,,19.17789419670523,11.15,Europe & Central Asia,Upper middle income,0.2924,0.2808,0.20620000000000002,0.5608,0.7408,0.13979999999999998,0.4652,0.7444000000000001,0.6112,0.38780000000000003,1.3161999999999998,1.7155999999999998,0.9818,-0.2084,0.8,1.2810000000000001
URY,Uruguay,8.057200050354004,3385495.6,66.8313379123407,73.08,4.88233,95.23780000000001,1594.47661133,39.74,18177.19969588752,99.0,8.002459897065869,8.17,Latin America & Caribbean,High income,0.7402,0.9650000000000001,0.9480000000000001,0.915,0.044,2.206,0.925,0.9156000000000001,0.845,2.201,2.3226,2.7963999999999998,1.2226,2.2782,1.0,3.29
USA,United States of America,4.41640000343323,324820205.8,67.42955455634434,85.06,,82.06120000000001,9857.542578128001,41.28,60874.962239854016,,1.5530227434211603,13.18,North America,High income,0.6118,0.954,0.9503999999999999,0.9056,0.0852,1.5876,0.8188000000000001,0.6536,0.8221999999999999,0.5216,1.5154,2.2206,2.0523999999999996,-0.203,1.0,2.901
UZB,Uzbekistan,5.558599948883056,31838256.6,66.78399606231997,52.779999999999994,5.578483333333334,50.572199999999995,107.39940185600001,,2320.328785110646,100.0,12.561685362849756,,Europe & Central Asia,Lower middle income,0.047,0.0978,0.0284,0.0626,0.8172,-2.3701999999999996,0.30979999999999996,0.5534,0.379,0.37279999999999996,0.07539999999999998,-0.595,0.5871999999999999,1.888,1.0,1.2602
VEN,Venezuela,7.629999923706056,30130141.0,,59.86666666666667,,88.19,138.721328735,,,97.0,188.3433100396595,8.41,Latin America & Caribbean,,0.18239999999999998,0.0178,0.0198,0.2016,0.9014,-0.6628000000000001,0.6604,0.11939999999999999,0.48019999999999996,0.8618,-2.0512,-1.1406,-0.14079999999999998,-2.347,1.0,0.8038000000000001
VNM,Vietnam,2.053399991989136,95082288.6,57.994505403995674,58.92,4.25613,35.2158,147.056352234,35.5,2986.389899545652,96.0,2.631031539386331,7.15,East Asia & Pacific,Lower middle income,0.17240000000000003,0.3416,0.20659999999999998,0.4048,0.5004,-0.884,0.536,0.756,0.7068,1.143,1.1138,0.9376,-1.671,-0.9970000000000001,1.0,-1.1632
VUT,Vanuatu,4.456999969482422,278787.8,62.392196980045,29.74,4.96217,25.1708,104.11252899000002,32.3,3038.1308766326283,,2.300669614840936,,East Asia & Pacific,Lower middle income,0.4622,0.7596,0.892,0.8564,0.4196,1.908,0.8817999999999999,0.7234,0.7528,1.8739999999999999,1.4205999999999999,1.7899999999999998,-1.218,-1.7738,1.0,0.45
XKX,Kosovo,,1788567.6,81.19334219365112,86.65,,,,27.400000000000002,4017.9158986130556,,0.9908528214353678,,Europe & Central Asia,Upper middle income,0.37720000000000004,0.6342,0.6157999999999999,0.6622,0.4006,1.4612,0.5144,0.6956,0.739,0.9,1.0968,0.725,1.2356,0.5936,1.0,0.8438000000000001
YEM,Yemen,13.153200149536142,33111180.0,114.4318271123155,25.133333333333336,,36.0204,56.707543181999995,,881.192507165795,,,3.68,Middle East & North Africa,Low income,0.072,0.058600000000000006,0.11400000000000002,0.15760000000000002,0.906,-2.0214000000000003,0.09219999999999999,0.0636,0.028200000000000003,-2.2814,-1.0806,-0.9899999999999999,-1.1524,-0.5794,1.0,-0.39899999999999997
ZAF,South Africa,26.7757999420166,57963827.2,63.60653802448947,58.839999999999996,6.135228,65.846,514.720349122,,6365.94080024208,91.93431091308595,4.984101866280142,9.69,Sub-Saharan Africa,Upper middle income,0.49379999999999996,0.6816,0.841,0.8968,0.4708,1.7920000000000003,0.7718,0.3654,0.7342,1.1816,2.0676,1.55,0.3432,1.2318,1.0,1.5638
ZMB,Zambia,11.1076000213623,17448448.0,43.62232774627536,12.86,4.179995,42.9828,67.713397218,55.8,1348.263023171802,71.1323013305664,10.24050457659864,7.32,Sub-Saharan Africa,Lower middle income,0.2634,0.5844,0.6824,0.7647999999999999,0.3936,-0.442,0.6994,0.29100000000000004,0.6986,1.1362,0.752,0.49079999999999996,-1.0114,-2.3579999999999997,0.8,0.8734
ZWE,Zimbabwe,5.15279998779297,14823521.8,71.4869310241544,24.36,5.845065,32.267399999999995,94.036036682,47.3,2039.560397506862,93.2275466918945,52.56863618329758,7.61,Sub-Saharan Africa,Lower middle income,0.23759999999999998,0.26739999999999997,0.43200000000000005,0.6856,0.7542,-0.5164,0.2766,0.3666,0.6838,1.4964,0.9199999999999999,0.8168,1.1512,0.3656,1.0,1.4274
