Country Code,Country Name,SL.UEM.TOTL.ZS,SP.POP.TOTL,NE.CON.PRVT.ZS,IT.NET.USER.ZS,SE.XPD.TOTL.GD.ZS,SP.URB.TOTL.IN.ZS,SI.POV.GINI,NY.GDP.PCAP.CD,SE.ADT.LITR.ZS,FP.CPI.TOTL.ZG,Avg Years Schooling,Region,IncomeGroup,v2x_partipdem,v2x_jucon,v2mecenefi,v2xeg_eqaccess,v2xeg_eqdr,v2xeg_eqprotec,v2clsocgrp,v2dlengage,v2eldonate,v2elpubfin,v2elrstrct,v2psplats
AFG,Afghanistan,11.21180000305176,35764094.2,73.87402357174501,13.432,3.847676666666666,25.2644,39.830333333333336,520.2122885050742,33.7538414001465,2.3253311920601853,3.85,South Asia,Low income,0.1372,0.219,0.1162,0.4486,0.2842,0.512,-0.4065999999999999,1.3446,0.6834,-0.9406,1.0,0.0782
AGO,Angola,7.105800056457518,30249698.8,54.45013443760625,26.46,5.38887262333333,64.825,51.3,2437.512473789024,66.2358627319336,21.32095185023355,5.7330999999999985,Sub-Saharan Africa,Lower middle income,0.08,0.2173999999999999,0.7554000000000001,0.4141999999999999,0.1846,0.0818,0.144,-0.9348,-0.5801999999999999,0.8208,1.0,-0.0252
ALB,Albania,14.14420013427736,2870165.6,78.25686875784939,62.58,3.670593333333333,59.3572,31.96,4686.761750860935,98.8162307739258,1.726728004919608,9.93,Europe & Central Asia,Upper middle income,0.3182,0.7108,1.3972,0.6477999999999999,0.7444,0.664,1.834,0.6302,0.6444,0.925,1.0,1.0168
ARE,United Arab Emirates,2.11720004081726,9091208.6,40.26410727582524,94.72,4.887952233333336,86.23960000000001,26.4,43428.66038839012,98.0,1.7583664791089142,9.07,Middle East & North Africa,High income,0.0301999999999999,0.2048,-1.6898,0.2178,0.8720000000000001,0.348,-0.679,-0.4009999999999999,0.458,-1.249,1.0,-2.645
ARG,Argentina,8.616600036621094,44258913.2,66.79301414480558,74.17999999999999,5.59461,91.748,42.175,12524.172884364856,95.39939676920572,2.212426437254855,9.51,Latin America & Caribbean,Upper middle income,0.5152,0.7253999999999999,1.672,0.8597999999999999,0.7295999999999999,0.7392,1.2756,1.8566,1.5278,2.4596,1.0,1.128
ARM,Armenia,17.61380004882814,2981560.0,79.49796981012545,64.56,2.757206666666667,63.12760000000001,32.58,3939.82130144097,100.0,1.4522634660294855,10.73,Europe & Central Asia,Upper middle income,0.3137999999999999,0.408,1.8566,0.6128,0.8634000000000001,0.7752,1.9692,1.4806,1.6144000000000005,-0.4284,0.0,1.0726
AUS,Australia,5.584200000762938,24579514.8,55.60403281069164,88.24,5.237433333333333,85.9082,34.0,54539.581205013965,98.21989030456544,1.6512347786876842,11.54,East Asia & Pacific,High income,0.6108,0.9848,1.309,0.8368,0.8654,0.9374,1.3986,2.5236,2.655,1.335,1.0,2.86
AUT,Austria,5.351599979400632,8779474.8,52.4650735895121,86.28,5.43299,58.1052,30.4,47444.10794200814,97.99860062662759,1.4797399315186783,9.6,Europe & Central Asia,High income,0.6418,0.907,1.8612,0.8022,0.9378,0.949,2.5058,2.1302,1.3698,2.594,1.0,2.5704
AZE,Azerbaijan,5.073799991607666,9845048.0,56.92645944903768,79.02000000000001,2.696085,55.3578,29.877000000000013,4614.787009258166,100.0,6.85721954926602,11.164500000000006,Europe & Central Asia,Upper middle income,0.0628,0.0126,-0.3896,0.2156,0.2264,0.679,1.3936,-1.7823999999999998,-1.0068,-0.9096,1.0,-1.4878
BDI,Burundi,1.488400006294252,11581715.0,76.90002802144565,3.3920000000000003,5.2258025,12.714,41.454499999999996,237.6166792425512,66.84386825561525,4.730688716432926,3.35,Sub-Saharan Africa,Low income,0.1462,0.0665999999999999,0.0578,0.4987999999999999,0.1941999999999999,0.3366,0.6115999999999999,-1.076,-0.1722,-0.563,1.0,-1.3796
BEL,Belgium,6.987000083923339,11379362.0,51.542341696515095,87.64,6.44113,97.9596,27.42,44197.50221786474,97.50006878662109,1.630247445592819,10.69,Europe & Central Asia,High income,0.6482,0.9292,2.049,0.9234,0.951,0.961,2.859,1.7058,3.35,3.63,1.0,2.983
BEN,Benin,2.439200019836426,12041681.0,71.98335758434544,16.8,3.13541,46.773,42.75,1070.097833781134,38.871208190918,0.2241521444776019,4.43,Sub-Saharan Africa,Lower middle income,0.4134,0.6692,1.6198,0.834,0.6208,0.8278000000000001,2.0108,1.8204,1.2862,-0.1828,1.0,-0.5842
BFA,Burkina Faso,6.267199993133544,19881398.0,66.55186965705882,7.85,4.885783333333333,28.749,43.0,709.0554695557773,34.5,0.2742866175269197,2.839800000000002,Sub-Saharan Africa,Low income,0.3694,0.6918,0.866,0.7051999999999999,0.2818,0.8064,2.39,1.7792,1.0586,0.7228,1.0,-0.522
BGD,Bangladesh,4.314200019836425,162163483.2,68.1361458572905,21.7,1.43093,35.8572,32.4,1755.9590397629702,72.0,5.709098781624646,5.91,South Asia,Lower middle income,0.1129999999999999,0.1956,-1.32,0.3992,0.1618,0.173,0.6396,0.2656,-0.9428,-2.511,1.0,0.5716
BGR,Bulgaria,6.486599922180176,7076511.6,60.366503919870055,62.52,4.0925,74.6686,40.24,8461.28374258757,95.95010997517902,1.415317446637083,11.24,Europe & Central Asia,High income,0.4618,0.8464,1.999,0.8064,0.741,0.73,0.93,1.7082000000000002,1.8044,1.3123999999999998,1.0,2.5172
BHR,Bahrain,0.8227999925613408,1456402.2,40.75067922252312,97.14,2.497945,89.19120000000001,39.80369999999998,25180.59528425644,94.84981310526533,1.823125726605084,7.06,Middle East & North Africa,High income,0.0332,0.071,-0.6986000000000001,0.0825999999999999,0.763,0.2678,-1.802,-1.365,-0.2544,-0.513,0.0,-1.6302
BIH,Bosnia and Herzegovina,22.09080009460448,3430551.8,75.56708829343644,63.56,5.500250021666666,47.8876,48.452283333333305,5421.213281000988,92.12333009084064,0.0339801163879698,8.576600000000006,Europe & Central Asia,Upper middle income,0.3148,0.6172,1.9274,0.679,0.7034,0.6048,0.694,1.1856,0.919,1.8102,1.0,1.4928
BLR,Belarus,5.351800060272218,9449597.4,53.87198271028118,73.92,4.84302,78.123,25.36,5998.03991386277,100.0,8.374673187601301,10.833199999999998,Europe & Central Asia,Upper middle income,0.0968,0.0372,-0.2434,0.8337999999999999,0.8848,0.764,1.4628,-0.8475999999999999,1.994,-0.8,1.0,1.4128
BOL,Bolivia,3.458599996566774,11343813.2,68.0877243237222,42.56,4.653696439999997,69.0818,44.14,3268.562364038006,92.0,2.923437541292268,8.25,Latin America & Caribbean,Lower middle income,0.4356,0.3727999999999999,0.9396,0.8109999999999999,0.3802,0.6838,1.257,1.4576,-0.1492,0.1058,1.0,1.2728
BRA,Brazil,11.453199958801276,204631962.2,64.49414111516683,66.2,6.292549999999999,86.3028,53.2,9236.697468500486,92.75,5.722648878743642,7.89,Latin America & Caribbean,Upper middle income,0.5147999999999999,0.8746,1.2402,0.6355999999999999,0.4822,0.539,0.5096,1.5734,2.8716,2.0094000000000003,1.0,1.6312000000000002
BRB,Barbados,10.109400177001955,280135.4,64.19022990669804,72.62,4.658885,31.1812,37.15215,19670.500294609163,96.35576801554362,2.520685318864372,9.45,Latin America & Caribbean,High income,0.3378,0.9232,1.815,0.7848,0.9526,0.7283999999999999,1.009,1.5268000000000002,0.5714,-0.8892,1.0,2.415
BTN,Bhutan,2.373799991607666,753480.4,48.6068651645068,55.66,7.1650025,40.156,37.4,3303.744392213558,67.0,3.634701750071194,4.986099999999997,South Asia,Lower middle income,0.366,0.9012,-0.7055999999999999,0.794,0.935,0.7932,1.2782,1.3376,2.6492,1.3006,1.0,1.7280000000000002
BWA,Botswana,17.691400146484362,2267204.0,43.291690340127296,48.62,4.903497158333332,68.6812,53.3,6915.05537355094,93.81327364603678,3.039230079043514,9.55,Sub-Saharan Africa,Upper middle income,0.4192,0.8333999999999999,1.4902,0.5936,0.7076,0.7112,0.8725999999999999,1.0894,-0.9038,-2.505,0.0,1.4824
CAF,Central African Republic,3.753400039672852,4791970.8,87.83752221469445,4.522,2.7057368399999997,41.0018,39.45273333333332,418.05910270573503,39.7213954925537,2.965331334745886,3.76,Sub-Saharan Africa,Low income,0.1631999999999999,0.4032,1.4166,0.7112,0.1672,0.3184,0.224,0.0431999999999999,-0.965,-0.9624,0.0,-0.0364
CAN,Canada,6.328000068664553,36610298.2,57.98220018489794,92.08,5.071520150000004,81.3604,32.78,44785.98586088916,98.38914151000976,1.6736759466160702,12.32,North America,High income,0.5776,0.9314,1.8632,0.8592000000000001,0.8817999999999999,0.7706000000000001,1.2032,1.8078,2.776,1.3878,1.0,2.28
CHE,Switzerland,4.761999988555909,8439436.6,52.79394605346782,90.24,5.11183,73.7728,33.02,83510.63985076363,97.81206338500976,0.0508964294624818,13.02,Europe & Central Asia,High income,0.8046000000000001,0.987,2.184,0.8960000000000001,0.965,0.9559999999999998,2.465,3.516,-2.125,-2.05,1.0,2.68
CHL,Chile,6.9053999900817855,18592929.8,61.94847346747978,82.47999999999999,5.21226,87.4958,45.3,14423.77571127626,96.5,3.06202402607013,9.78,Latin America & Caribbean,High income,0.5814,0.9426,2.0128,0.7343999999999999,0.6072,0.8221999999999999,1.298,1.9994,2.0168,1.4422,1.0,2.6104
CHN,China,4.44020004272461,1394874000.0,38.55213489424536,56.220000000000006,4.192163449999999,57.9312,38.58,8995.429594840973,94.37743907928468,2.0008372390456737,7.95,East Asia & Pacific,Upper middle income,0.038,0.0856,-1.9964,0.2966,0.4042,0.328,-1.6911999999999998,0.404,-1.8924,-1.4058,1.0,-1.6002000000000005
CIV,Ivory Coast,3.10019998550415,26725260.2,66.26822551969428,39.44,3.6314975,50.3338,39.35,1982.849676117812,70.0198402404785,0.3826209324142774,4.65,Sub-Saharan Africa,Lower middle income,0.3494,0.5244,1.6216000000000002,0.7074,0.3614,0.672,1.2212,1.621,0.7308,0.5317999999999999,1.0,-0.1226
CMR,Cameroon,3.425800037384034,24131730.8,71.90600502104266,25.660000000000004,2.9270750000000003,55.775200000000005,39.41150000000002,1503.74656161237,72.5471267700195,1.542499020225265,6.15,Sub-Saharan Africa,Lower middle income,0.1244,0.1367999999999999,-1.0798,0.3938,0.3752,0.6981999999999999,1.1326,0.9712,-0.2522,0.6508,0.0,0.5666
COD,Democratic Republic of the Congo,4.292999935150147,87014086.0,77.33770130594648,10.144,1.9146933333333331,43.8866,38.46690000000002,486.4219536914656,75.27651596069336,1.815025033840675,3.66,Sub-Saharan Africa,Low income,0.21,0.214,-1.5398,0.5831999999999999,0.177,0.546,1.0606,-0.3614,-0.0713999999999999,-1.2038,1.0,-0.56
COG,Republic of the Congo,9.734999847412109,5354181.4,38.58880595186912,8.13,4.512523333333333,66.45840000000001,44.13720000000002,2385.390215507358,71.10692263285318,2.0337151219204093,5.94,Sub-Saharan Africa,Lower middle income,0.166,0.1538,-1.845,0.3384,0.3136,0.153,-0.5058,0.428,-0.2676,-0.69,1.0,-0.093
COL,Colombia,8.936199951171876,48294196.0,68.56679517430914,61.08,4.48515,80.44,50.6,6395.480670857528,94.75,4.716238663688464,8.95,Latin America & Caribbean,Upper middle income,0.4764,0.8283999999999999,1.5386,0.6285999999999999,0.3838,0.58,0.181,1.5456,1.672,1.9074,1.0,1.315
COM,Comoros,4.391199970245362,756652.0,92.7980816846361,10.07,2.54506,28.800400000000003,38.39009999999999,1435.750901304094,66.02647704442342,13.76795956063353,5.049600000000001,Sub-Saharan Africa,Lower middle income,0.2576,0.32,1.0612,0.7343999999999999,0.4098,0.698,1.4696,0.4891999999999999,-1.2854,-1.882,0.0,0.7944
CPV,Cape Verde,12.13479995727538,513072.0,66.02856334919127,54.32000000000001,5.245816666666666,65.2544,42.4,3918.574150389292,87.0,0.3742898578149078,6.990400000000003,Sub-Saharan Africa,Lower middle income,0.4764,0.9176,2.192,0.8309999999999998,0.7178,0.8305999999999999,2.214,0.9866,1.454,1.7858,1.0,1.118
CRI,Costa Rica,9.444999885559076,4911116.8,64.66596173123932,70.4,7.104653999999999,78.5146,48.32,12319.55328183586,92.84786979166667,1.345514210594,7.97,Latin America & Caribbean,Upper middle income,0.666,0.954,2.221,0.8936,0.9148,0.921,2.388,2.0912,3.021,2.233,1.0,2.3162
CUB,Cuba,1.887600040435792,11243694.0,55.63640595191796,53.620000000000005,3.8692138366666673,76.9898,34.05740000000002,8518.56204520154,97.6549072265625,2.409715055549998,10.16,Latin America & Caribbean,Upper middle income,0.0564,0.109,-2.4234,0.806,0.8412,0.7294,1.3544,-1.2988,-1.897,0.612,1.0,-1.421
CYP,Cyprus,10.91079998016357,1253659.4,65.23130882246154,79.76,6.095783333333333,66.85560000000001,32.44,26840.482421875,98.08478713989258,-0.26170713378944,11.07,Europe & Central Asia,High income,0.5706,0.861,2.03,0.8416,0.9362,0.8952,2.0544,1.5508,1.7962,2.291,1.0,2.289
CZE,Czechia,3.212600016593934,10601725.4,46.69697066915196,78.5,5.07675,73.687,25.3,21073.48341071252,98.39849079895019,1.6881547302315016,12.8,Europe & Central Asia,High income,0.5604,0.8720000000000001,1.7399999999999998,0.835,0.9591999999999998,0.9444,1.6158,1.4992,2.4336,1.9258,1.0,2.1916
DEU,Germany,3.783800077438352,82538205.2,51.39009262350004,86.26,4.860106666666667,77.27459999999999,31.62,45379.474348732896,98.29159516906739,1.138699312643772,12.37,Europe & Central Asia,High income,0.6406000000000001,0.9322,1.315,0.946,0.9474,0.96,3.5,2.751,2.739,3.345,1.0,3.4769999999999994
DJI,Djibouti,10.40559997558592,1054679.6,62.75296106145546,45.0,3.7227325,77.65700000000001,41.6,2612.153424521418,78.9162287712097,1.1852718094831476,6.3427999999999995,Middle East & North Africa,Lower middle income,0.135,0.2402,-1.8684,0.4908,0.304,0.549,0.635,0.27,-0.377,-1.38,0.0,0.5616
DNK,Denmark,5.596000099182128,5756906.2,46.95629379714626,97.14,7.81608,87.7586,28.2,57169.10474606608,95.9803270111084,0.6841814726469754,11.3,Europe & Central Asia,High income,0.7093999999999999,0.9866,2.114,0.9666,0.983,0.978,2.069,2.69,1.832,3.208,1.0,3.286
DOM,Dominican Republic,6.460799884796144,10665839.6,69.39123126184697,68.03999999999999,4.811991363333331,80.23620000000001,43.74,7518.7301661136835,93.0,2.221101479305384,7.78,Latin America & Caribbean,Upper middle income,0.3472,0.4018,2.042,0.6306,0.2476,0.4171999999999999,-0.8188000000000001,1.532,-1.0694,1.9132,1.0,0.4888
DZA,Algeria,11.3980001449585,41671826.0,41.51100788904176,46.72,4.673772854999999,72.03540000000001,45.83606666666667,4542.075113557066,81.4078369140625,4.599003226888572,6.68,Middle East & North Africa,Upper middle income,0.1084,0.142,-0.327,0.5864,0.7642,0.7061999999999999,1.0576,0.5926,0.6174000000000001,1.228,1.0,0.723
ECU,Ecuador,3.90939998626709,16784090.2,63.44485522711487,55.1,4.9987,63.6818,45.36,6127.219272258132,93.66666666666669,1.2308311447852676,7.6,Latin America & Caribbean,Upper middle income,0.3982,0.3318,-0.6946000000000001,0.7647999999999999,0.5997999999999999,0.5916,0.7538,1.3922,1.1658000000000002,1.4156,1.0,1.3862
EGY,Egypt,11.90960006713868,103634648.0,83.07710399943188,45.64,5.018708479999997,42.7312,31.73333333333333,2884.081156098226,71.0,15.448994065268028,7.15,Middle East & North Africa,Lower middle income,0.061,0.6146,-1.1036,0.3803999999999999,0.2057999999999999,0.188,0.5446,-0.4024,0.8722,-1.418,1.0,-0.4944
ERI,Eritrea,5.212799930572508,3162709.0,109.86951887291235,4.252,2.8107736749999983,39.455200000000005,41.779366666666675,884.6243232494073,76.5705184936523,146.9343433048816,5.883599999999998,Sub-Saharan Africa,Low income,0.009,0.0134,-2.4428,0.409,0.7186,0.5778000000000001,-0.7138,-1.5884,-2.367,-2.337,1.0,-1.6911999999999998
ESP,Spain,17.62600002288818,46690944.2,57.66969814545894,84.14,4.24065,80.08160000000001,35.14,28289.3580772504,98.0,0.7255225972813151,10.27,Europe & Central Asia,High income,0.6058,0.9462,1.937,0.8722,0.8914,0.9372,2.1206,2.2702,2.645,2.9784,1.0,3.3370000000000006
EST,Estonia,5.838000011444089,1319491.2,49.6670681217081,88.66,5.08359,68.72540000000001,31.08,20975.88760711954,98.48655271911622,1.7574361185200444,12.11,Europe & Central Asia,High income,0.6424000000000001,0.9534,2.037,0.8644000000000001,0.9642,0.904,1.435,2.1482,3.0306,2.0762,1.0,2.7524
ETH,Ethiopia,2.12779998779297,109730662.6,67.71771193631984,15.36,4.73792,20.3184,35.0,728.0702247342674,49.63138389587405,11.305363158203956,2.8511999999999995,Sub-Saharan Africa,Low income,0.1116,0.1704,-1.0648,0.4911999999999999,0.3873999999999999,0.6285999999999999,0.5269999999999999,-0.1892,1.1518,0.9998,1.0,0.5008
FIN,Finland,8.158000087738035,5504035.8,53.88107942531794,88.02000000000001,6.7532733333333335,85.3306,27.32,46021.80997514653,95.75152252197266,0.6021371243596265,9.84,Europe & Central Asia,High income,0.6168,0.979,2.011,0.9376,0.922,0.9712,2.7288,2.249,2.877,2.4568,1.0,3.136
FJI,Fiji,4.235599899291994,917716.4,64.99025567863508,53.38,4.26780542,55.7402,30.7,5664.883592710025,98.01207837931315,2.88805347141071,9.96,East Asia & Pacific,Upper middle income,0.1948,0.5252000000000001,0.3812,0.6172,0.645,0.72,1.3724,1.034,1.7326,-1.9274,1.0,2.3312
FRA,France,9.459800148010268,66946161.0,54.04009750194784,80.62,5.4516,80.18100000000001,31.96,38848.05444667614,98.24849979146322,0.8424403996641917,10.68,Europe & Central Asia,High income,0.6188,0.932,1.1096,0.8834,0.9336,0.8962,1.62,2.781,3.709000000000001,2.679,1.0,2.8546
GAB,Gabon,20.042399978637683,2155643.8,38.9071006701331,52.08,4.465366490000001,88.9528,38.0,7142.277297464287,93.99021985626219,2.326694370574047,8.39,Sub-Saharan Africa,Upper middle income,0.2686,0.26,1.2296,0.5025999999999999,0.6662,0.8109999999999999,2.0472,1.3168,0.3172,-0.11,1.0,0.314
GBR,United Kingdom,4.459200096130372,66016668.4,64.32307324345966,92.08,5.474983333333334,83.14099999999999,33.1,42477.61944883084,98.45390159606933,1.593032898068288,12.24,Europe & Central Asia,High income,0.6354,0.9224,1.725,0.8104000000000001,0.9046,0.8542,1.2132,1.6304000000000003,3.1282,-0.2234,1.0,2.661
GEO,Georgia,15.04640007019042,3725499.0,71.2083218216487,59.46,3.56312,58.2374,36.66,4438.822708911687,99.32683181762695,3.928393106001456,10.2992,Europe & Central Asia,Upper middle income,0.4312,0.6275999999999999,1.9404,0.7214,0.8688,0.8635999999999999,1.9058,1.6626,2.029,0.9906,0.0,1.2028
GHA,Ghana,4.993400001525878,29991538.8,74.07148846204595,30.8,4.151285,55.4018,43.5,2006.131756224228,64.4923934936523,12.385786191599,7.0,Sub-Saharan Africa,Lower middle income,0.3722,0.8308,1.8676,0.737,0.5572,0.7618,1.4380000000000002,1.5866,1.054,-1.1172,1.0,1.5922
GIN,Guinea,4.33740005493164,12392975.8,78.09048388268734,17.080000000000002,2.4238225,35.8068,29.6,851.5134357347821,40.0,9.632950101997544,4.2254,Sub-Saharan Africa,Lower middle income,0.2318,0.2105999999999999,-0.392,0.4304,0.2073999999999999,0.6602,0.8513999999999999,-0.1276,0.1418,-0.5556000000000001,1.0,-0.3738
GMB,The Gambia,9.15619983673096,2341392.6,84.31465945539222,23.880000000000003,2.201586666666667,60.589200000000005,35.9,669.3044131729002,52.08009910583495,7.141616381522415,3.77,Sub-Saharan Africa,Low income,0.2542,0.6142,0.2875999999999999,0.5156,0.4808,0.7676000000000001,2.1078,0.2429999999999999,-0.909,-1.732,0.0,0.3538
GNB,Guinea-Bissau,2.514800024032592,1877057.2,71.61581971921896,13.66,3.8668880416666673,42.9476,34.8,744.7493855239752,54.8823204040527,1.0597761273755242,3.4268999999999994,Sub-Saharan Africa,Low income,0.2282,0.5758,0.8628,0.4492,0.2492,0.7066,1.589,-0.3328,-0.108,-1.139,1.0,-0.074
GNQ,Equatorial Guinea,6.505599975585936,1562220.8,47.66296568934844,30.1,4.46382849,71.634,41.459299999999985,7847.566549501137,84.83337135060627,1.284654830165208,6.466700000000002,Sub-Saharan Africa,Upper middle income,0.055,0.0224,-2.2068000000000003,0.1588,0.309,0.469,-0.7146000000000001,-0.4192,-0.7628,1.0978,1.0,-1.3982
GRC,Greece,21.2908000946045,10761199.4,68.54186394906331,70.74,5.028324641666666,78.7206,34.28,18748.14543972436,97.93809295145671,-0.1123317140475652,10.3,Europe & Central Asia,High income,0.6358,0.8503999999999999,2.19,0.9092,0.9076,0.8566,1.9512,2.2344,1.149,2.477,1.0,2.757
GTM,Guatemala,2.48239998817444,16551469.6,84.88206121050375,37.42,3.056004,50.6926,39.20233333333333,4228.716584657248,80.5975456237793,3.74270894535606,4.57,Latin America & Caribbean,Upper middle income,0.3543999999999999,0.7322,1.2596,0.4678,0.1944,0.1504,-1.4444,0.7156,1.132,0.3892,1.0,-0.3534
GUY,Guyana,11.97220001220702,778005.8,59.876104349241984,43.260000000000005,5.74987,26.5512,44.27290000000001,6028.834058654522,91.51402824401858,1.0218007329907433,8.79,Latin America & Caribbean,High income,0.4018,0.7128,1.653,0.7186,0.6839999999999999,0.7283999999999999,0.9126,0.4112,-1.3522,-1.8674,0.0,1.4668
HKG,Hong Kong,3.2664000034332283,7396320.0,67.48793142555095,88.8,3.400394,100.0,34.647400000000005,45844.6715839462,98.54278312683105,2.436674185889714,11.38,East Asia & Pacific,High income,0.1222,0.8218,1.61,0.6752,0.8868,0.7442,1.1172,1.3504,2.54,0.207,0.6,1.244
HND,Honduras,5.88719997406006,9589333.0,78.89857751647038,32.739999999999995,6.240214999999999,56.45219999999999,49.1,2391.704971641684,88.25,3.706005046630102,6.19,Latin America & Caribbean,Lower middle income,0.2626,0.5439999999999999,1.361,0.4098,0.139,0.2308,-0.101,0.7864,0.5544,1.4282,1.0,0.6152
HRV,Croatia,11.170599842071526,4047632.8,57.02058567127148,72.8,3.91713,56.6828,30.2,14006.66863801746,98.70348478190104,0.3623636910188236,11.3,Europe & Central Asia,High income,0.539,0.8248,1.863,0.7242,0.8492,0.8238,1.1032,1.1368,2.3046,1.7945999999999998,1.0,2.373
HTI,Haiti,13.79079990386962,10815995.6,96.60548145959972,27.2,2.769185,54.3278,36.745666666666665,1394.664302521796,64.8506031036377,12.020006099881815,5.11,Latin America & Caribbean,Lower middle income,0.2314,0.2022,0.9512,0.248,0.1108,0.059,-0.9164,0.63,-0.6504,0.4258,1.0,-0.627
HUN,Hungary,4.638199996948242,9798344.4,49.53615333736858,77.08,4.613716666666666,71.0672,30.18,14730.879281660022,98.51809736633301,1.774040343578061,11.85,Europe & Central Asia,High income,0.3702,0.7362,1.789,0.7058,0.675,0.7414,1.2152,0.2946,1.221,1.2176,1.0,1.8408
IDN,Indonesia,4.439599990844726,267242910.4,57.49255037881382,33.480000000000004,3.5836,54.6542,36.64,3715.2954972452017,95.33333333333331,3.985331484577192,7.61,East Asia & Pacific,Upper middle income,0.4192,0.7666000000000001,0.504,0.6066,0.4822,0.6396000000000001,0.6285999999999999,2.176,0.99,-0.4529999999999999,0.0,1.2782
IND,India,5.436000061035156,1359063114.0,59.4454644874631,19.84,3.5923243916666645,33.6122,34.72,1849.858991942716,72.29726453145345,4.170339071762908,6.24,South Asia,Lower middle income,0.301,0.784,-0.4779999999999999,0.5618,0.2784,0.6096,0.3076,1.0424,0.7358,-1.2904,1.0,2.289
IRL,Ireland,7.131999874114991,4813267.2,30.897140138075923,85.02000000000001,3.661626666666667,62.9594,31.48,72972.11796723568,98.22637758382162,0.2920623406712207,12.03,Europe & Central Asia,High income,0.6412,0.9549999999999998,2.079,0.8538,0.8311999999999999,0.9536,2.1948,1.773,2.892,2.4352,1.0,2.846
IRN,Iran,11.80240020751952,84925598.0,50.09516138389918,61.04,3.4772275,74.38419999999999,36.36,4929.190432722682,86.0,17.139299066850334,8.88,Middle East & North Africa,Upper middle income,0.048,0.156,-1.7172,0.361,0.7022,0.5534000000000001,-1.28,-0.1964,0.1412,-1.2064,0.0,-0.1576
IRQ,Iraq,12.047400093078618,39365062.0,50.09450708035044,32.54,4.377764281666666,70.28880000000001,41.41426666666666,4970.478736830774,84.5,0.4604773385438424,7.16,Middle East & North Africa,Upper middle income,0.2444,0.5532,0.1048,0.339,0.3616,0.4848,0.3766,1.2706,0.8352,-0.6914,0.8,1.0138
ISL,Iceland,3.04900002479553,344587.6,49.90257011944564,98.64,7.555446666666666,93.7752,26.7,65970.83644018971,95.97438842773437,2.157457653566236,11.05,Europe & Central Asia,High income,0.6402,0.944,2.008,0.9336,0.969,0.9116,1.958,1.5282,2.1338,2.55,1.0,2.533
ISR,Israel,4.424599981307984,8715240.0,52.85533882952474,81.84,5.939016666666667,92.338,38.760000000000005,40210.52381403984,96.24770459493,0.1500860805713376,12.32,Middle East & North Africa,High income,0.4608,0.8878,1.065,0.7502,0.8432000000000001,0.8635999999999999,1.4992,1.7898,1.998,2.197,1.0,1.924
ITA,Italy,11.058399963378909,60409126.0,59.96121138724423,64.96000000000001,3.97812,70.1476,35.260000000000005,32525.346712430463,99.0,0.5840082977939114,9.63,Europe & Central Asia,High income,0.6836,0.8667999999999999,2.111,0.9374,0.9438,0.9226,2.1562,2.53,1.7282,1.3602,1.0,2.9912
JAM,Jamaica,11.088599967956526,2814316.2,77.87777838270516,56.14,5.323088,55.393600000000006,35.6,5303.469974828964,97.13085753122965,3.612540348702334,9.87,Latin America & Caribbean,Upper middle income,0.5502,0.884,2.096,0.9112,0.7392,0.63,1.006,1.9394,1.1187999999999998,-0.5738,1.0,2.526
JOR,Jordan,14.62779979705812,10183903.8,77.83424802444117,62.04,3.2262625,90.7382,39.82986666666666,4082.128827131414,95.4314498901367,1.378487557004638,9.59,Middle East & North Africa,Lower middle income,0.1166,0.6073999999999999,-0.032,0.4498,0.7256,0.6838,0.6994,0.8766,0.1526,-1.2572,1.0,0.8110000000000002
JPN,Japan,2.798199987411498,126926600.0,54.883048433129446,91.48,3.18418,91.5374,32.54210000000001,38667.45106875302,98.1581517791748,0.5220182679244536,11.6,East Asia & Pacific,High income,0.5382,0.875,2.029,0.8412,0.974,0.975,2.146,1.602,2.4958,1.113,1.0,2.604
KAZ,Kazakhstan,4.84099998474121,18648396.4,53.04540689115096,76.52000000000001,2.7833625,57.3518,27.46,9108.877020052243,99.5272619374593,7.995853354557852,11.33,Europe & Central Asia,Upper middle income,0.0733999999999999,0.1276,-1.152,0.3398,0.7125999999999999,0.5599999999999999,1.045,-0.5226,0.0698,0.284,1.0,0.6504
KEN,Kenya,2.704599952697754,49167182.6,76.87252270011929,18.64,5.326735,26.5724,40.8,1701.518203412856,74.96034461339315,6.162899586700942,6.14,Sub-Saharan Africa,Lower middle income,0.359,0.7592000000000001,1.3756,0.6964,0.4814,0.5052,0.9154,1.3964,1.1424,0.6724,1.0,1.1808
KGZ,Kyrgyzstan,6.789999961853026,6311271.6,83.04827367033846,49.67999999999999,6.199283333333334,36.1596,28.1,1227.16745137166,99.5999984741211,2.548750116040288,10.71,Europe & Central Asia,Lower middle income,0.2704,0.4256,-0.1152,0.5376000000000001,0.634,0.6948000000000001,1.168,1.2226,1.432,-1.6656,1.0,1.0304
KHM,Cambodia,0.6242000102996824,16061050.4,71.45946972173495,31.0075,2.16286,22.9886,37.69070000000003,1862.2840817930403,81.0,2.311473488469956,4.72,East Asia & Pacific,Lower middle income,0.1022,0.1132,-0.3034,0.3157999999999999,0.164,0.1378,-0.3126,-0.4016,-1.222,-1.082,1.0,0.4558
KOR,South Korea,3.799199962615968,51388908.2,48.13956500325652,94.0,4.3331,81.5176,34.25,30993.63771004544,98.8000030517578,1.0962378947732327,12.05,East Asia & Pacific,High income,0.5442,0.8493999999999999,0.2299999999999999,0.8128,0.9628,0.8426,1.9232,2.0716,3.0604,2.4904,1.0,2.71
KWT,Kuwait,2.083200001716616,4151862.6,41.97457633227532,92.94,3.849705641666668,100.0,35.63336666666665,30005.87828976372,96.0,2.0553827174726518,6.34,Middle East & North Africa,High income,0.1008,0.754,-0.5002,0.3882,0.924,0.5944,-0.8779999999999999,1.7868,-1.58,-1.815,0.0,-1.7748000000000002
LAO,Laos,0.6597999930381776,7018855.0,68.46233884650215,29.779999999999998,2.8704104750000017,34.3722,38.8,2398.218779709248,85.0,1.8125393271802492,5.02,East Asia & Pacific,Lower middle income,0.1032,0.4591999999999999,-0.577,0.3883999999999999,0.3702,0.3074,-0.762,-1.265,-0.994,-0.229,1.0,-0.915
LBN,Lebanon,6.252600002288818,6146874.0,90.22242553452438,78.14,4.736385738333331,88.43039999999999,42.89268333333331,8498.349930976246,93.0,1.7742451766948022,8.922899999999995,Middle East & North Africa,Lower middle income,0.2506,0.4875999999999999,0.8862,0.4237999999999999,0.4982,0.541,0.7844,0.8535999999999999,0.3592,-1.3944,1.0,2.0048000000000004
LBR,Liberia,2.781999969482424,4850482.2,83.0538455056721,15.52,2.6727,50.7074,35.3,691.3679098249243,48.3013610839844,15.90647377309078,4.2,Sub-Saharan Africa,Low income,0.3388,0.5944,1.5512,0.8374,0.2648,0.6216,1.1294,1.5128,1.0368,-1.7259999999999998,0.0,-1.095
LBY,Libya,18.66560020446776,6740560.6,41.154792856754696,49.997800000000005,5.444958354999999,79.8244,51.05633333333331,9221.98098197454,91.56023313903806,14.61356221381223,8.0,Middle East & North Africa,Upper middle income,0.1704,0.3929999999999999,0.7024,0.6641999999999999,0.3348,0.4664,-0.6126,0.5532,0.4972,-0.579,1.0,-0.332
LKA,Sri Lanka,4.251599979400634,21419200.0,61.641040105099215,24.58,2.6503525,18.4024,38.5,4210.845381021978,92.0,4.218965058901558,10.06,South Asia,Lower middle income,0.3726,0.8710000000000001,-0.1286,0.584,0.7726,0.5142,-0.6556,1.3092,-1.512,-1.6222,1.0,1.7132
LSO,Lesotho,24.04080009460446,2157030.2,82.26207244474932,35.92,7.474255,27.7386,44.9,1087.1539702764828,86.2408676147461,4.8403072051029925,5.85,Sub-Saharan Africa,Lower middle income,0.361,0.756,0.6362,0.8218,0.7802,0.792,1.8126,1.0886,0.6178,0.9446,0.0,0.904
LTU,Lithuania,7.310799980163575,2839444.8,61.65889353578361,76.94,4.015553333333333,67.5292,36.82,17052.57721222908,97.91145633697509,1.7553506929922051,10.89,Europe & Central Asia,High income,0.6235999999999999,0.9708,2.0,0.9032,0.9002000000000001,0.8884000000000001,2.229,1.3662,3.218,2.687,1.0,2.111
LUX,Luxembourg,5.885999965667724,595181.0,33.104871057650804,97.22,3.743895,90.714,33.739999999999995,110413.4942517388,98.2932976989746,1.1535784171144492,10.99,Europe & Central Asia,High income,0.6354,0.876,1.816,0.949,0.9638,0.987,3.136,1.422,2.802,2.612,1.0,2.791
LVA,Latvia,8.432600021362305,1944061.6,62.031116193130856,81.75999999999999,4.80808,68.088,34.739999999999995,15368.0288065493,98.65230266316732,1.7182204288998588,10.65,Europe & Central Asia,High income,0.6304000000000001,0.9576,1.905,0.8134,0.8912000000000001,0.9466,2.1788,1.579,2.6834,0.5866,1.0,2.4126000000000003
MAR,Morocco,9.208800125122067,35425619.0,59.223660204358815,65.22,4.882052793333333,61.9048,39.342216666666666,3318.685107421878,80.57006417973835,1.2110368508132403,4.96,Middle East & North Africa,Lower middle income,0.1674,0.6124,1.0303999999999998,0.465,0.391,0.6728000000000001,1.327,1.057,1.1444,0.78,1.0,-0.402
MDA,Moldova,4.085599994659423,2753156.0,86.29569708763536,59.6,5.555540000000001,42.5826,26.18,3522.338119327824,99.40095599365235,6.097723354722366,10.4,Europe & Central Asia,Upper middle income,0.3474,0.7696,0.941,0.6806,0.7356,0.7053999999999999,1.458,0.8342,1.4034,-0.1396,1.0,1.8822
MDG,Madagascar,1.744000005722046,26805901.8,71.8710292350529,6.481999999999999,2.5742666666666665,36.5246,40.004,478.2867311747308,77.0,7.250749016285196,4.731800000000004,Sub-Saharan Africa,Low income,0.3008,0.3381999999999999,1.526,0.5938000000000001,0.1456,0.3706,0.8088,0.3344,-0.429,-0.828,1.0,0.35
MDV,Maldives,5.950999927520752,458115.8,44.70840784352788,65.47999999999999,4.23313,39.3818,30.3,10653.179809818448,96.90578969319664,0.8719691599364193,6.02,South Asia,Upper middle income,0.2472,0.3339999999999999,-0.8065999999999999,0.5004,0.5274,0.7008,1.0462,0.087,0.2982,-0.502,0.0,1.1514
MEX,Mexico,3.660000038146974,123412081.4,68.16572364991796,59.24,4.889183333333333,79.86580000000001,46.45,9844.557973886524,94.75,4.023823462428532,8.79,Latin America & Caribbean,Upper middle income,0.408,0.6952,1.3172,0.6226,0.3461999999999999,0.3581999999999999,-0.3564,1.0594,1.9072,3.643,1.0,2.9368000000000003
MKD,North Macedonia,22.133600616455062,1896542.6,66.7535904013738,75.54,4.319419169999998,57.778,34.160000000000004,6049.863570431196,99.01169622802735,0.6074320383978689,10.854700000000003,Europe & Central Asia,Upper middle income,0.3534,0.3588,1.3014,0.4944,0.7405999999999999,0.6848,1.1587999999999998,0.8522000000000001,1.2958,1.3866,1.0,1.935
MLI,Mali,7.389200019836425,19821551.4,75.93972583443778,17.919999999999998,3.561633333333333,41.567600000000006,36.0,773.299435616342,34.0,0.0104360986843187,1.97,Sub-Saharan Africa,Low income,0.3182,0.6434,-0.1774,0.7156,0.193,0.8006,1.6582,2.1784,0.1454,-0.3126,1.0,-0.7502000000000001
MLT,Malta,4.251200008392332,471420.0,46.83793084934716,80.52000000000001,5.082756666666667,94.546,29.48,29579.07638928328,98.15669682312011,1.1814978318056488,10.52,Middle East & North Africa,High income,0.5658,0.7498,1.91,0.8148,0.9324,0.889,1.6510000000000002,0.972,0.3238,-1.745,1.0,1.9310000000000005
MMR,Burma/Myanmar,1.3057999968528764,51878530.0,73.54003871381431,23.28,1.9808833333333336,30.338600000000003,34.4,1278.591050850944,82.27560043334961,7.330585866254213,4.85,East Asia & Pacific,Lower middle income,0.2445999999999999,0.4652,0.4778,0.5918,0.275,0.4654,-1.6218,0.983,0.5048,-0.9056,1.0,0.8782
MNE,Montenegro,16.27919998168946,622218.0,75.1056389069702,70.86,4.307724348333334,66.4774,37.38,7822.80386890664,98.5344009399414,1.3260660073099504,10.412499999999998,Europe & Central Asia,Upper middle income,0.3068,0.7694,1.4815999999999998,0.5988,0.8746,0.8089999999999999,1.503,1.2486000000000002,1.0192,1.937,1.0,2.48
MNG,Mongolia,6.144000148773193,3148099.8,58.821628330945416,33.34,4.4820633333333335,68.37559999999999,32.5,3911.995521773336,96.8963470458984,4.979140707336693,9.2,East Asia & Pacific,Upper middle income,0.3661999999999999,0.8092,1.2174,0.7072,0.6916,0.8480000000000001,2.8802,2.246,1.49,-0.446,1.0,1.0338
MOZ,Mozambique,3.319000005722048,28190818.8,66.74892152052033,8.940000000000001,5.623483333333333,35.4594,50.3,511.9183767498682,58.5,8.559209272490792,1.93,Sub-Saharan Africa,Low income,0.2632,0.6432,1.459,0.709,0.2752,0.629,1.2188,0.5732,0.13,1.5526,1.0,1.4204
MRT,Mauritania,9.607800102233886,4213721.8,58.879930714813895,21.18,1.91976,52.81079999999999,32.0,1645.1453496759482,65.1120223999023,2.469633287757482,4.53,Sub-Saharan Africa,Lower middle income,0.1978,0.2298,0.5958,0.1851999999999999,0.1646,0.5277999999999999,-1.1358,0.8295999999999999,0.9058,-0.867,1.0,-0.3616
MUS,Mauritius,6.861399936676024,1264615.0,72.32105595854034,55.6,4.895468,40.862,36.8,10672.398961236144,93.0,1.9105861781671745,8.86,Sub-Saharan Africa,Upper middle income,0.4628,0.8378,1.0,0.7378,0.9144,0.8046,2.334,1.8046,-0.303,-1.962,0.0,2.134
MWI,Malawi,5.7246000289917,18047374.8,81.42084612982087,7.840000000000001,4.77585,16.7288,41.6,519.9948283744102,62.1435394287109,15.382573770352,4.81,Sub-Saharan Africa,Low income,0.3368,0.7308,1.4858,0.581,0.2553999999999999,0.688,1.469,1.2854,-1.0494,-1.2768000000000002,0.0,0.663
MYS,Malaysia,3.324799966812134,32345938.0,56.26776663730213,79.08,4.5937600000000005,75.4286,41.150000000000006,10161.951143477596,95.0,1.922751716343788,10.44,East Asia & Pacific,Upper middle income,0.2553999999999999,0.6278,-0.4918,0.5494,0.8158,0.4549999999999999,0.1322,0.3332,-0.7388,-1.4918,1.0,1.3718
NAM,Namibia,21.19160003662108,2509637.4,70.62589797550359,37.22,5.64896172833333,48.988,59.1,4870.856831896484,83.95766344706217,4.856476547751262,6.17,Sub-Saharan Africa,Upper middle income,0.4296,0.8648,1.3723999999999998,0.6990000000000001,0.4078,0.6502,1.0852,1.2858,0.123,1.3236,1.0,0.6132
NER,Niger,0.4905999898910522,21439304.6,69.41153960614577,8.4,3.4034975,16.3658,37.3,530.0865039271498,45.586298810323086,0.870396610418744,1.88,Sub-Saharan Africa,Low income,0.3586,0.5876,-0.061,0.8068,0.2961999999999999,0.8124,2.4618,2.7794,1.015,-0.4824,1.0,0.1168
NGA,Nigeria,7.21979990005493,200158910.6,69.65018803464253,25.98,4.412066733333332,49.5082,35.5,2171.104253193174,60.1186752319336,12.940008537598596,4.1657,Sub-Saharan Africa,Lower middle income,0.3702,0.555,1.3004,0.55,0.2586,0.6416000000000001,1.244,1.1194,0.4069999999999999,-0.4644,1.0,0.958
NIC,Nicaragua,4.787399911880494,6316410.2,70.44094487049945,29.279999999999998,4.17242,58.31320000000001,41.00969999999998,2076.510066070392,82.6145477294922,4.338950398983217,6.61,Latin America & Caribbean,Lower middle income,0.158,0.028,-1.0462,0.3312,0.3008,0.376,-0.8948,-1.4738,-0.619,1.34,1.0,0.5429999999999999
NLD,Netherlands,4.948600101470946,17135606.2,43.58331000506328,92.1,5.334286666666666,91.0502,28.44,49925.2004357865,98.25698394775391,1.3271141155916577,11.39,Europe & Central Asia,High income,0.6188,0.9554,2.086,0.898,0.9544,0.936,2.435,2.158,2.056,2.277,1.0,3.217
NOR,Norway,4.05659999847412,5271981.2,43.89321147506226,97.0,7.837286666666666,81.8622,27.660000000000004,76206.51937280106,96.14876056671143,2.505759725552538,11.59,Europe & Central Asia,High income,0.643,0.9812,2.096,0.9578,0.984,0.979,3.067,2.713,2.735,3.001,1.0,2.897
NPL,Nepal,1.414800000190736,28056820.4,80.84339260425475,24.9,4.691255,19.3456,38.173599999999986,1033.885043641592,67.1067543029785,5.983239449656276,4.23,South Asia,Lower middle income,0.3954,0.8064,0.7156,0.7758,0.3364,0.7862,1.2198,1.0622,1.152,-1.2574,1.0,1.763
NZL,New Zealand,4.70679988861084,4803380.0,57.56756171833232,87.66,6.35147,86.47200000000001,32.097300000000004,41519.8680770889,97.90083309936523,1.2015323053946851,10.98,East Asia & Pacific,High income,0.6891999999999999,0.9756,2.021,0.8692,0.9358,0.8834,1.958,1.7054000000000002,2.8736,1.249,1.0,2.5472
OMN,Oman,3.0920000076293936,4460457.2,37.10990978899222,81.26,4.247866098333334,83.4784,41.58818333333333,18564.10233973072,95.0,0.828744012113599,9.1049,Middle East & North Africa,High income,0.1256,0.4389999999999999,-1.9158,0.3356,0.842,0.6384000000000001,0.6892,-0.59,-1.337,-0.472,1.0,-2.847
PAK,Pakistan,3.967200040817262,223686702.0,82.00795391687498,13.919999999999998,2.85082,36.455,30.450000000000003,1456.830294313124,58.0,5.207248015115768,5.02,South Asia,Lower middle income,0.2584,0.6816,-0.9842,0.3668,0.106,0.0982,-0.9326,1.1854,1.075,-1.55,1.0,1.6496000000000002
PAN,Panama,3.6026000499725344,4098077.6,49.72099829035496,58.120000000000005,4.975775596666665,67.3712,50.02,15447.77594658754,95.5,0.4318613081800228,9.27,Latin America & Caribbean,High income,0.4664,0.529,1.7008,0.5708,0.5862,0.611,-0.3541999999999999,1.717,0.734,0.973,1.0,1.357
PER,Peru,3.339000034332274,31399123.6,64.62323219398588,50.4,3.856852,77.7244,42.84,6640.082738602117,94.0,2.742289036989598,8.88,Latin America & Caribbean,Upper middle income,0.5714,0.8256,1.802,0.6854,0.3868,0.627,0.045,1.3524,1.0836,0.325,1.0,1.5192
PHL,Philippines,2.563200044631958,108087674.8,72.5914771060599,40.96,4.490700071666665,46.6994,43.45,3100.494986737506,97.0,2.496498204813162,8.43,East Asia & Pacific,Lower middle income,0.3398,0.6664,0.6192,0.456,0.2997999999999999,0.3746,0.1344,1.7338,0.656,-2.248,1.0,0.265
PNG,Papua New Guinea,2.49480004310608,9177440.2,63.10739398888197,12.175,1.94791,13.1166,38.108799999999995,2484.1795054355543,70.0636825561523,5.27897887979926,4.26,East Asia & Pacific,Lower middle income,0.2684,0.7912000000000001,1.562,0.611,0.212,0.5718,1.423,0.355,0.118,-0.4684,1.0,0.063
POL,Poland,5.1735999584198,37974310.0,58.993702322252126,75.03999999999999,4.67035,60.1312,30.34,14109.521492017138,98.80978493754068,0.9154945411977116,11.32,Europe & Central Asia,High income,0.4934,0.7028,1.602,0.8946,0.8974,0.9172,2.549,1.4288,2.1864,2.2808,1.0,2.56
PRK,North Korea,2.793600034713744,25812032.8,57.580119928870154,66.222,3.6294285150000007,61.6918,33.26780000000001,9928.823921732912,99.9981918334961,5.213364092290869,10.431999999999995,East Asia & Pacific,Low income,0.0447999999999999,0.003,-4.115,0.242,0.5788,0.0646,-0.184,-2.809,-2.058,-0.761,1.0,-0.085
PRT,Portugal,9.140799999237052,10310782.6,64.84357325509102,72.56,4.950575,64.6454,34.160000000000004,21504.589893901302,95.57406837972003,0.7591687816991037,7.52,Europe & Central Asia,High income,0.6348,0.9652,2.334,0.9102,0.9268,0.9224,2.458,1.9486,3.016,2.2566,1.0,2.224
PRY,Paraguay,4.753800010681152,6337865.8,63.71557521636704,59.54,3.43834,61.30800000000001,47.14,5977.27931687085,94.5,3.5102020794071565,7.57,Latin America & Caribbean,Upper middle income,0.3686,0.5896,1.3288,0.394,0.1464,0.263,-1.1664,0.714,0.5434,1.1074,1.0,1.2616
PSE,Palestine/West Bank,25.00919990539552,4469275.6,88.76794151598564,62.98,5.370476666666666,75.89880000000001,33.7,3527.86356979418,96.8,0.5620302700180281,9.319099999999995,Middle East & North Africa,Lower middle income,0.1776,0.7242,-0.077,0.4831999999999999,0.7482,0.8814,2.272,0.5636,1.8728,0.0888,1.0,1.3396
QAT,Qatar,0.1322000011801718,2517376.2,23.994910819952,96.96,2.77959,99.0722,35.1,66279.98766891361,96.12009911600748,0.8949444224611531,8.43,Middle East & North Africa,High income,0.0203999999999999,0.407,-0.6028,0.078,0.9436,0.3084,-0.1512,-0.7727999999999999,-2.501,-1.0968,0.0,-3.2380000000000004
ROU,Romania,5.160599946975706,19590443.2,62.5002731395208,64.67999999999999,3.058753333333333,53.961,35.379999999999995,10920.766951538522,98.49740718841552,1.5306813725563793,10.67,Europe & Central Asia,High income,0.4952,0.7406,2.125,0.7418,0.6772,0.8064,0.817,0.5742,2.1102,1.255,1.0,2.4804000000000004
RUS,Russia,5.154600048065186,145160166.6,52.15275400534438,76.53999999999999,4.0947933333333335,74.3052,35.94,10251.8748046875,96.74576795959473,6.721769194118238,11.53,Europe & Central Asia,High income,0.1516,0.0662,-0.3954,0.4154,0.727,0.5012000000000001,0.7756000000000001,-0.0206,1.403,0.7394000000000001,1.0,1.2398
RWA,Rwanda,1.0731999874115,12205072.8,76.01578841955096,16.979999999999997,3.309055,17.1418,43.7,760.7287368820238,73.0,4.203809794867681,4.36,Sub-Saharan Africa,Low income,0.1942,0.2085999999999999,-1.123,0.4996,0.7894,0.5992,1.2982,0.421,2.0808,-0.9399999999999998,1.0,0.4436
SAU,Saudi Arabia,5.819400024414064,30401603.0,41.00375414297248,85.53999999999999,5.072082958333333,83.6224,43.45875,24595.86094276514,95.0,0.5603054498205664,8.53,Middle East & North Africa,High income,0.0248,0.2616,-1.4956,0.1048,0.8172,0.3564,-1.6064,-1.6722,-1.629,-2.679,1.0,-2.767
SDN,Sudan,17.00679969787598,42755480.0,86.2642239707978,20.8,4.131815904999999,34.3926,39.84323333333334,946.6208007812504,60.6971817016602,36.25960187580454,3.21,Sub-Saharan Africa,Low income,0.1102,0.1216,-1.6350000000000002,0.1676,0.1367999999999999,0.0816,-1.0114,-1.198,0.203,-0.4231999999999999,1.0,0.3866
SEN,Senegal,6.6417999267578125,15474054.8,70.47363759315661,31.14,5.0069300000000005,46.7486,38.3,1344.99766130132,47.02639083862304,0.9023494358128312,2.74,Sub-Saharan Africa,Lower middle income,0.454,0.6748,1.6143999999999998,0.8288,0.5378000000000001,0.8109999999999999,2.1424,1.5374,-1.0828,-1.2764000000000002,1.0,0.4098
SGP,Singapore,4.039599990844726,5619356.6,35.7458100925627,85.02000000000001,4.886316911666668,100.0,32.53940000000002,61325.99593955012,97.0,0.1050508181203928,10.81,East Asia & Pacific,High income,0.1114,0.748,0.0395999999999999,0.6315999999999999,0.941,0.86,0.924,0.5688000000000001,2.6678,-1.2026,0.0,1.6604
SLB,Solomon Islands,0.631599998474121,684942.8,61.132882955883545,16.66,3.9496257366666665,23.2856,38.43710000000001,2154.710960500058,78.79849653244018,1.104606678006029,5.4174,East Asia & Pacific,Lower middle income,0.3548,0.7782,0.557,0.5,0.2153999999999999,0.684,1.701,0.0908,0.1984,-0.716,1.0,0.2628
SLE,Sierra Leone,4.513799953460694,7381767.2,75.04282342071276,12.288,5.5969775,41.6464,35.7,852.378741781787,44.20548057556155,13.32630996533754,4.23,Sub-Saharan Africa,Low income,0.3464,0.4546,1.7246,0.709,0.4354,0.4836,0.5532,1.5752,-0.6734,-1.0334,0.0,0.4629999999999999
SLV,El Salvador,4.183400106430054,6208026.8,83.43271237138154,36.78,3.7631925,71.249,39.2,4043.0941359077538,88.4,0.4101345547171668,7.77,Latin America & Caribbean,Upper middle income,0.3982,0.6468,1.8484,0.5873999999999999,0.2786,0.2494,0.7150000000000001,0.352,0.1946,1.129,1.0,2.1552
SOM,Somalia,11.4421998977661,14911158.0,122.9948996049894,1.88,2.7749242316666654,44.3954,41.99566666666666,493.374251519475,66.51214345932007,145.28286740540102,5.5500000000000025,Sub-Saharan Africa,Low income,0.0874,0.238,0.437,0.413,0.046,0.1534,-1.309,-0.1252,-1.407,-2.233,1.0,-1.8758
SRB,Serbia,14.36259994506834,7020480.4,68.49008868497198,70.7,3.6824425,55.96,36.98,6733.244608221265,99.0,1.890961057625916,10.85,Europe & Central Asia,Upper middle income,0.259,0.53,0.7203999999999999,0.6618,0.8106,0.7575999999999999,1.36,1.0992000000000002,0.944,1.6771999999999998,1.0,1.041
SSD,South Sudan,8.370937959671013,10548635.6,107.68034230345783,4.42,1.50473,19.3608,44.1,1080.14718624765,34.5227584838867,158.2720879929771,4.1216,Sub-Saharan Africa,Low income,0.0648,0.1338,-0.5458000000000001,0.1149999999999999,0.0182,0.044,-1.979,-0.9708,-0.921,-1.5124,1.0,-0.8291999999999999
STP,Sao Tome and Principe,13.33239994049074,206905.8,72.8819027372419,33.739999999999995,4.8177,71.92699999999999,40.7,1609.933464759462,87.4384613037109,6.391107150315574,7.3729000000000005,Sub-Saharan Africa,Lower middle income,0.4244,0.7248,1.612,0.738,0.5458000000000001,0.741,1.432,0.758,1.779,0.7488,1.0,0.5566
SUR,Suriname,7.15959997177124,593675.6,58.20436554624254,50.84,4.7463789816666635,66.0584,45.26416666666667,6760.550800483808,92.92943140665689,28.10107819511079,8.413899999999998,Latin America & Caribbean,Upper middle income,0.4798,0.8343999999999999,1.605,0.737,0.7,0.7132,0.8161999999999999,2.176,-0.531,-1.709,1.0,1.423
SVK,Slovakia,8.27579984664916,5438949.8,55.25881542849402,80.6,4.150126666666666,53.7802,24.62,17940.62270849496,98.8725147705078,1.129062874323754,12.82,Europe & Central Asia,High income,0.6262000000000001,0.8446,1.98,0.7202,0.8183999999999999,0.8082,1.1234,1.344,2.426,2.42,1.0,1.7654
SVN,Slovenia,6.565799999237062,2071448.0,53.50373787653266,78.08,4.8315166666666665,54.287400000000005,24.68,23430.08143238944,98.71025252278646,0.8435373666253898,11.89,Europe & Central Asia,High income,0.6452,0.8984,2.197,0.8956,0.9396,0.909,2.367,1.8674,2.4466,2.3632,1.0,2.6562
SWE,Sweden,6.792399978637695,10046814.0,45.92069393384118,91.4,7.543783333333334,87.138,29.380000000000003,52454.83246891065,96.0328762512207,1.2939339643118462,11.64,Europe & Central Asia,High income,0.6556,0.974,2.194,0.921,0.9188,0.9598,2.4496,2.5900000000000003,1.3518,3.4066,1.0,3.468
SWZ,Eswatini,22.63100013732912,1159863.6,68.42123788221673,34.56,5.559673856666661,23.6328,54.6,3665.862951851802,76.73776187896729,5.286594538992614,5.06,Sub-Saharan Africa,Lower middle income,0.1197999999999999,0.2992,-1.077,0.2432,0.3636,0.2256,1.0466,-0.6285999999999999,-1.1202,-2.5956,1.0,-2.0802
SYC,Seychelles,7.109180000543591,95665.2,63.092465917894266,63.84,4.42102,56.2604,32.1,17392.44217770636,98.88403738149007,2.278654069035956,10.339799999999993,Sub-Saharan Africa,High income,0.2408,0.8488,0.122,0.6476,0.884,0.8619999999999999,1.9488,1.1966,1.521,0.142,1.0,2.118
SYR,Syria,8.397800064086914,19554899.8,95.584198239198,32.62,3.707242528333332,53.4972,39.52526666666666,912.6377640848416,71.81312810897826,23.720024656961314,6.7,Middle East & North Africa,Low income,0.0477999999999999,0.0482,-2.7194000000000003,0.0477999999999999,0.1032,0.4332,-2.2942,-1.9502,-1.8596,-0.932,1.0,-1.702
TCD,Chad,1.853200006484986,15645357.8,76.45939983157136,6.0600000000000005,2.45482,22.8776,37.5,685.9137125062066,26.210303624471,1.0700538612596335,3.530100000000002,Sub-Saharan Africa,Low income,0.128,0.1042,-0.5122,0.181,0.2045999999999999,0.2062,-0.4237999999999999,-0.589,-0.15,-0.598,0.0,0.04
TGO,Togo,2.12439999580383,8060094.0,77.24532540616704,13.404000000000002,5.1058775,41.168,42.75,798.7582280778164,65.5,0.898194141224324,5.49,Sub-Saharan Africa,Low income,0.1982,0.2222,-0.9982,0.7078,0.6242,0.7654,0.8516,0.245,0.1598,0.9504,0.0,-0.518
THA,Thailand,0.7269999980926514,71091834.6,49.7894684933787,52.64,3.485629818333334,49.1966,36.12,6528.199082849083,92.56263732910156,0.3447965554872464,7.99,East Asia & Pacific,Upper middle income,0.0904,0.6068,-1.0416,0.5804,0.5982,0.2692,-0.692,-2.0252000000000003,0.9932,0.1478,1.0,0.6042
TJK,Tajikistan,11.26860027313232,9086543.2,76.80617268422729,20.5,5.23139,27.0036,34.0,856.0789435656716,79.60374503453573,5.859570159859246,10.3,Europe & Central Asia,Lower middle income,0.054,0.0472,-1.8372,0.0948,0.3324,0.1724,0.5588,-1.5384,-0.7272000000000001,-0.18,0.0,0.526
TKM,Turkmenistan,3.889200019836424,6508468.0,60.14167931500835,18.1,4.293145401666665,51.1678,40.059699999999985,6009.609313798837,81.81446531677246,3.1949209430525487,5.884499999999998,Europe & Central Asia,Upper middle income,0.0312,0.0526,-3.5876,0.1085999999999999,0.4062,0.2104,-0.972,-1.5214,-1.984,1.8086,1.0,-0.8716000000000002
TLS,Timor-Leste,4.539799976348874,1252410.0,60.032838659230585,23.92,7.58466,30.2154,38.79740000000003,1340.629025786326,65.7791290283203,0.673351510343729,4.6232,East Asia & Pacific,Lower middle income,0.3898,0.6816,0.1914,0.627,0.2976,0.7094,1.5604,1.0497999999999998,0.2246,1.3266,1.0,0.526
TTO,Trinidad and Tobago,2.6150000095367423,1356674.6,57.26198023804785,70.25999999999999,3.9520466516666684,53.229,33.01500000000001,18154.88722692588,98.85072410583496,2.326276007923758,10.63,Latin America & Caribbean,High income,0.4836,0.8400000000000001,1.953,0.7346,0.835,0.8198000000000001,1.839,2.1228,-0.692,-1.6149999999999998,1.0,1.7618000000000005
TUN,Tunisia,15.51839981079102,11644406.2,71.48441496237486,56.5,6.59601,68.6486,32.8,3727.751910452456,80.23755645751956,5.480657226334352,7.48,Middle East & North Africa,Lower middle income,0.4382,0.8864000000000001,0.963,0.8586,0.6786000000000001,0.8708,1.509,2.3146,1.9336,1.2442,1.0,1.2348
TUR,TÃ¼rkiye,11.25480003356936,80359156.6,58.223270485888655,64.34,4.51619725333333,74.6324,43.23333333333333,10299.973352678964,96.25,11.619916871342715,7.05,Europe & Central Asia,Upper middle income,0.2144,0.2746,-1.2106,0.6384000000000001,0.6077999999999999,0.6439999999999999,0.078,-0.8526,1.094,1.7504000000000002,1.0,2.8696
TZA,Tanzania,2.036599969863892,55621980.2,60.4422205780774,14.02,4.063475,33.0558,40.5,993.0481689453134,78.0,4.608078188689846,5.81,Sub-Saharan Africa,Lower middle income,0.269,0.7838,0.0518,0.8352,0.7163999999999999,0.7332,1.8122,0.9846,1.0662,0.6134,0.0,0.5428
UGA,Uganda,1.814799976348878,40214690.8,72.58054771333875,5.85,2.224605,23.203,42.75,799.0144545592242,69.101318359375,4.39787562236264,5.7,Sub-Saharan Africa,Low income,0.2182,0.515,-0.3405999999999999,0.5588,0.3214,0.4881999999999999,0.4198,1.2078,0.6990000000000001,-0.279,1.0,0.6038
UKR,Ukraine,9.136200141906738,45400826.8,69.04694495821732,58.7,5.21102,69.2572,25.84,2707.227197265628,97.58560301208497,19.17789419670523,11.15,Europe & Central Asia,Upper middle income,0.2924,0.2062,0.1397999999999999,0.4652,0.7444000000000001,0.6112,0.3878,1.7155999999999998,0.9818,-0.2084,0.8,1.281
URY,Uruguay,8.057200050354004,3385495.6,66.8313379123407,73.08,4.88233,95.2378,39.74,18177.19969588752,99.0,8.002459897065869,8.17,Latin America & Caribbean,High income,0.7402,0.948,2.206,0.925,0.9156,0.845,2.201,2.7964,1.2226,2.2782,1.0,3.29
USA,United States of America,4.41640000343323,324820205.8,67.42955455634434,85.06,5.89272688666667,82.06120000000001,41.28,60874.962239854016,95.4823510869344,1.5530227434211603,13.18,North America,High income,0.6118,0.9504,1.5876,0.8188000000000001,0.6536,0.8221999999999999,0.5216,2.2206,2.0524,-0.203,1.0,2.901
UZB,Uzbekistan,5.558599948883056,31838256.6,66.78399606231997,52.78,5.578483333333334,50.5722,29.596933333333308,2320.328785110646,100.0,12.561685362849756,10.345799999999999,Europe & Central Asia,Lower middle income,0.047,0.0284,-2.3702,0.3097999999999999,0.5534,0.379,0.3727999999999999,-0.595,0.5871999999999999,1.888,1.0,1.2602
VEN,Venezuela,7.629999923706056,30130141.0,101.10768770634941,59.86666666666667,4.491987384999998,88.19,38.29989999999996,2604.970056625755,97.0,188.3433100396595,8.41,Latin America & Caribbean,Upper middle income,0.1823999999999999,0.0198,-0.6628000000000001,0.6604,0.1193999999999999,0.4801999999999999,0.8618,-1.1406,-0.1407999999999999,-2.347,1.0,0.8038000000000001
VNM,Vietnam,2.053399991989136,95082288.6,57.99450540399568,58.92,4.25613,35.2158,35.5,2986.389899545652,96.0,2.631031539386331,7.15,East Asia & Pacific,Lower middle income,0.1724,0.2065999999999999,-0.884,0.536,0.756,0.7068,1.143,0.9376,-1.671,-0.997,1.0,-1.1632
VUT,Vanuatu,4.456999969482422,278787.8,62.392196980045,29.74,4.96217,25.1708,32.3,3038.1308766326283,78.01811362075806,2.300669614840936,5.9579999999999975,East Asia & Pacific,Lower middle income,0.4622,0.892,1.908,0.8817999999999999,0.7234,0.7528,1.874,1.7899999999999998,-1.218,-1.7738,1.0,0.45
XKX,Kosovo,13.396096055269243,1788567.6,81.19334219365112,86.65,4.422373380000002,67.16633200000001,27.4,4017.915898613056,99.07826820373535,0.9908528214353678,11.2271,Europe & Central Asia,Upper middle income,0.3772,0.6157999999999999,1.4612,0.5144,0.6956,0.739,0.9,0.725,1.2356,0.5936,1.0,0.8438000000000001
YEM,Yemen,13.153200149536142,33111180.0,114.4318271123155,25.133333333333336,3.434415764999999,36.0204,38.694599999999994,881.192507165795,50.63067995580038,138.1754867463755,3.68,Middle East & North Africa,Low income,0.072,0.114,-2.0214000000000003,0.0921999999999999,0.0636,0.0282,-2.2814,-0.99,-1.1524,-0.5794,1.0,-0.3989999999999999
ZAF,South Africa,26.7757999420166,57963827.2,63.60653802448947,58.84,6.135228,65.846,50.07838333333334,6365.94080024208,91.93431091308597,4.984101866280142,9.69,Sub-Saharan Africa,Upper middle income,0.4937999999999999,0.841,1.7920000000000005,0.7718,0.3654,0.7342,1.1816,1.55,0.3432,1.2318,1.0,1.5638
ZMB,Zambia,11.1076000213623,17448448.0,43.62232774627536,12.86,4.179995,42.9828,55.8,1348.263023171802,71.1323013305664,10.24050457659864,7.32,Sub-Saharan Africa,Lower middle income,0.2634,0.6824,-0.442,0.6994,0.291,0.6986,1.1362,0.4907999999999999,-1.0114,-2.358,0.8,0.8734
ZWE,Zimbabwe,5.15279998779297,14823521.8,71.4869310241544,24.36,5.845065,32.267399999999995,47.3,2039.560397506862,93.2275466918945,52.56863618329758,7.61,Sub-Saharan Africa,Lower middle income,0.2375999999999999,0.432,-0.5164,0.2766,0.3666,0.6838,1.4964,0.8168,1.1512,0.3656,1.0,1.4274
